id;category;topic;difficulty;question;answer1;answer2;answer3;answer4;correctAnswer;explanation;media
betriebssysteme-001;Betriebssysteme;;medium;Welche Hauptaufgabe übernimmt ein Betriebssystem zwischen Hardware und Anwendungssoftware?;Es verwaltet Ressourcen und bietet Anwendungen gemeinsame Systemdienste.;Es übersetzt den Quellcode von Anwendungen in ausführbare Programme.;Es initialisiert die Hardware vor dem Laden des Betriebssystemkerns.;Es führt Anwendungsbefehle als elektronische Rechenschaltung aus.;0;Das Betriebssystem verwaltet unter anderem Prozessorzeit, Arbeitsspeicher, Geräte und Dateien und stellt Anwendungen Schnittstellen zu diesen Ressourcen bereit.;
betriebssysteme-002;Betriebssysteme;;medium;Ein Programm reagiert nicht mehr, während andere Programme weiterhin normal funktionieren. Welche Aussage trifft am ehesten zu?;Der Scheduler hat die Ausführung sämtlicher Prozesse eingestellt.;Der betroffene Prozess wartet auf eine Ressource oder ist fehlerhaft.;Die grafische Sitzung verarbeitet keine Eingaben mehr für Anwendungen.;Der Rechner hat den laufenden Betrieb für einen Neustart beendet.;1;Moderne Betriebssysteme trennen Prozesse voneinander. Ein einzelner blockierter Prozess muss deshalb nicht das gesamte System beeinträchtigen.;
betriebssysteme-003;Betriebssysteme;;medium;Welche grundlegende Funktion erfüllt virtueller Speicher?;Er hält Kopien häufig verwendeter Daten in einem schnellen Zwischenspeicher bereit.;Er stellt virtuelle Adressräume bereit und ordnet deren Adressen physischen Speicherbereichen zu.;Er bezeichnet einen Datenträgerbereich, in dem ausgelagerte Speicherseiten liegen.;Er reserviert jedem Prozess einen festen, zusammenhängenden Bereich im physischen RAM.;1;Virtueller Speicher stellt Prozessen virtuelle Adressräume bereit. Seitentabellen und die Speicherverwaltung bilden virtuelle Adressen auf physischen Speicher ab und unterstützen den Speicherschutz. Das Auslagern von Seiten auf Datenträger ist eine mögliche Ergänzung, aber keine Voraussetzung.;
betriebssysteme-004;Betriebssysteme;;medium;Warum ist ständiges starkes Auslagern auf eine SSD oder HDD meist ein Hinweis auf ein Leistungsproblem?;Das Nachladen vom Datenträger verursacht höhere Zugriffszeiten als der Zugriff auf bereits im RAM liegende Seiten.;Der Zugriff auf eine ausgelagerte Seite ist schneller als ein RAM-Zugriff, die Verzögerung entsteht beim Bildschirmaufbau.;Ausgelagerte Seiten werden direkt von der CPU auf dem Datenträger verarbeitet und müssen nicht in den RAM zurück.;Ein größerer Auslagerungsbereich erhöht die Zugriffszeit des physischen RAMs auch ohne Auslagerungszugriffe.;0;Wenn häufig Speicherseiten zwischen RAM und Massenspeicher übertragen werden, entstehen deutlich höhere Zugriffszeiten als bei direktem Zugriff auf den Arbeitsspeicher.;
betriebssysteme-005;Betriebssysteme;Umgebungsvariablen;medium;Ein ausführbares Linux-Programm lässt sich über seinen vollständigen Pfad starten, über seinen Namen jedoch nicht. Welche Umgebungsvariable bestimmt die durchsuchten Programmverzeichnisse?;HOME;PATH;LANG;SHELL;1;PATH enthält die Verzeichnisse, in denen die Shell nach externen Befehlen ohne Pfadangabe sucht. Fehlt das Programmverzeichnis dort, kann der vollständige Pfad weiterhin funktionieren.;
betriebssysteme-006;Betriebssysteme;;medium;"Ein Benutzer öffnet eine reguläre Datei unter Linux. Er besitzt Leserechte, aber keine Schreibrechte auf diese Datei; der Zugriff auf das übergeordnete Verzeichnis ist erlaubt. Welche Operation am Dateiinhalt ist damit zulässig?";Den vorhandenen Inhalt anzeigen.;Den vorhandenen Inhalt überschreiben.;Weitere Daten an die Datei anhängen.;Den Inhalt auf eine Länge von null Bytes kürzen.;0;Leserechte erlauben das Lesen des Inhalts. Überschreiben, Anhängen und Kürzen erfordern Schreibrechte auf die Datei. Das Löschen eines Verzeichniseintrags hängt dagegen von den Rechten am übergeordneten Verzeichnis ab.;
betriebssysteme-007;Betriebssysteme;;medium;Welche Aussage beschreibt den Unterschied zwischen einem Prozess und einem Thread am besten?;"Threads eines Prozesses teilen dessen Adressraum; Prozesse haben normalerweise getrennte Adressräume.";"Threads eines Prozesses haben getrennte Adressräume; Prozesse teilen normalerweise denselben Adressraum.";"Ein Prozess ist eine gespeicherte Programmdatei; ein Thread ist die gestartete Instanz dieser Datei.";"Ein Prozess verwaltet Benutzerrechte; ein Thread verwaltet die Dateien des Benutzers.";0;Threads gehören zu einem Prozess und können Ressourcen wie dessen Adressraum gemeinsam nutzen. Prozesse sind stärker voneinander getrennte Ausführungseinheiten.;
betriebssysteme-008;Betriebssysteme;;medium;Warum sind regelmäßige Betriebssystem-Updates in Unternehmen wichtig?;Sie können bekannte Sicherheitslücken schließen und Softwarefehler beheben.;Sie können die Überprüfung von Zugriffsrechten im Betrieb ersetzen.;Sie können die Sicherung veränderlicher Benutzerdaten übernehmen.;Sie können die betriebliche Freigabe neuer Software überflüssig machen.;0;Updates beheben häufig bekannte Fehler und Sicherheitslücken. Sie reduzieren Risiken, können Angriffe aber nicht grundsätzlich verhindern.;
betriebssysteme-009;Betriebssysteme;;medium;Welche Aufgabe übernimmt ein Dateisystem wie NTFS oder ext4?;Es organisiert Dateien, Verzeichnisse und deren Metadaten auf einem Datenträger.;Es legt die Reihenfolge fest, in der Prozesse Rechenzeit erhalten.;Es übersetzt virtuelle Speicheradressen in physische RAM-Adressen.;Es teilt einen Datenträger durch Partitionseinträge in logische Bereiche auf.;0;Ein Dateisystem organisiert die Speicherung, Benennung und Verwaltung von Dateien und Verzeichnissen auf einem Datenträger.;
betriebssysteme-010;Betriebssysteme;;medium;Welchen Vorteil kann eine native 64-Bit-Anwendung gegenüber einer 32-Bit-Anwendung bei großen Datenmengen haben?;Sie kann einen größeren virtuellen Adressraum innerhalb ihres Prozesses nutzen.;Sie benötigt für jede Speicheradresse weniger Bits als eine 32-Bit-Anwendung.;Sie greift ohne virtuelle Adressen unmittelbar auf alle physischen RAM-Bereiche zu.;Sie verdoppelt allein durch das Programmformat die Speicherbandbreite des Rechners.;0;"Ein 64-Bit-Programmformat ermöglicht einen größeren virtuellen Adressraum pro Prozess. Die tatsächlich nutzbare Größe hängt von Architektur und Betriebssystem ab; eine höhere Speicherbandbreite folgt daraus nicht automatisch.";
betriebssysteme-011;Betriebssysteme;;hard;Ein Prozess fordert Speicher an, greift aber zunächst nicht auf alle angeforderten Seiten zu. Warum kann der tatsächlich belegte physische RAM zunächst kleiner sein als der reservierte virtuelle Adressraum?;Physische Seiten können erst bei einem tatsächlichen Zugriff zugeordnet werden.;"Jede Reservierung belegt sofort dieselbe Menge physischen RAMs; die RAM-Anzeige erfasst diesen Speicher nicht.";Reservierte Bereiche werden zunächst im Datenträgercache hinterlegt und deshalb nicht als Prozessspeicher gezählt.;Der Scheduler teilt reservierten Speicher nach CPU-Priorität zu, unabhängig vom Zugriff auf die Seiten.;0;Moderne Betriebssysteme können Speicher per Demand Paging erst dann mit physischen Seiten hinterlegen, wenn tatsächlich darauf zugegriffen wird.;
betriebssysteme-012;Betriebssysteme;;hard;Zwei Prozesse laufen gleichzeitig auf demselben Betriebssystem. Warum kann Prozess A normalerweise nicht direkt auf beliebige Speicheradressen von Prozess B zugreifen?;Virtuelle Adressräume und hardwaregestützte Zugriffsprüfungen begrenzen den erreichbaren Prozessspeicher.;Die Vergabe unterschiedlicher Prozess-IDs genügt bereits als Zugriffsschutz für alle Speicheradressen.;Die Trennung der CPU-Zeitscheiben verhindert Speicherzugriffe auf Daten eines anderen Prozesses.;Die Leserechte der ausführbaren Programmdatei legen fest, welche fremden RAM-Adressen erreichbar sind.;0;Virtuelle Speicherverwaltung und Schutzmechanismen des Prozessors sorgen dafür, dass Prozesse getrennte Adressräume verwenden und nicht beliebig auf fremden Speicher zugreifen können.;
betriebssysteme-013;Betriebssysteme;;hard;Ein System nutzt intensiv virtuellen Speicher und verbringt einen großen Teil der Zeit mit dem Ein- und Auslagern von Speicherseiten. Wie wird dieser Zustand typischerweise bezeichnet?;Thrashing;Fragmentierung;Spooling;Polling;0;Thrashing beschreibt einen Zustand, in dem sehr häufig Speicherseiten zwischen RAM und Massenspeicher ausgetauscht werden und dadurch kaum noch produktive Arbeit erfolgt.;
betriebssysteme-014;Betriebssysteme;;hard;Warum kann ein Dateisystem mit Journaling nach einem unerwarteten Stromausfall Vorteile bieten?;Ein Änderungsprotokoll unterstützt die Wiederherstellung konsistenter Dateisystemstrukturen.;Historische Kopien der Dateiinhalte ermöglichen die Auswahl einer beliebigen früheren Dateiversion.;Eine zweite Datenträgerkopie übernimmt nach dem Ausfall die Rolle des ursprünglichen Laufwerks.;Ein batteriegepufferter Schreibcache bewahrt noch nicht geschriebene Daten über den Stromausfall hinaus auf.;0;Ein Journal protokolliert relevante Dateisystemänderungen, sodass nach einem Absturz oder Stromausfall die Konsistenz des Dateisystems schneller und zuverlässiger wiederhergestellt werden kann.;
betriebssysteme-015;Betriebssysteme;;hard;Ein Prozess verwendet mehrere vom Kernel verwaltete Threads. Ein Thread wartet auf eine langsame Ein-/Ausgabeoperation. Was gilt für andere ausführungsbereite Threads dieses Prozesses?;Sie können weiterlaufen, wenn keine zusätzliche Abhängigkeit sie blockiert.;Sie müssen bis zum Abschluss der Ein-/Ausgabe ebenfalls im Wartezustand bleiben.;Sie werden vom Scheduler bis zum nächsten Prozessstart aus der Warteschlange entfernt.;Sie übernehmen automatisch die noch ausstehende Ein-/Ausgabe des wartenden Threads.;0;Der Kernel kann ausführungsbereite Threads unabhängig vom auf I/O wartenden Thread einplanen. Gemeinsame Sperren oder andere Abhängigkeiten können die übrigen Threads allerdings ebenfalls blockieren.;
betriebssysteme-016;Betriebssysteme;;medium;Über welche Schnittstelle fordert eine Anwendung beim Kernel typischerweise das Öffnen oder Lesen einer Datei an?;Über die Systemaufrufschnittstelle.;Über die Systemstartkonfiguration.;Über die Paketquellenkonfiguration.;Über die Prozessprioritätseinstellung.;0;Bibliotheksfunktionen können Dateizugriffe über Systemaufrufe anfordern. Der Kernel prüft dabei Berechtigungen und koordiniert den Zugriff auf das Dateisystem.;
betriebssysteme-017;Betriebssysteme;Linux-Prozesssignale;medium;Ein Linux-Prozess soll zum Beenden aufgefordert werden und dabei Gelegenheit erhalten, eigene Aufräumroutinen auszuführen. Welches Signal ist dafür vorgesehen?;SIGSTOP;SIGKILL;SIGTERM;SIGCONT;2;SIGTERM fordert die Beendigung an und kann vom Prozess behandelt werden, etwa zum Schließen von Dateien. SIGKILL lässt sich nicht abfangen und ermöglicht solche Aufräumroutinen nicht.;
betriebssysteme-018;Betriebssysteme;;medium;Was ist ein Thread?;Ein Ausführungsstrang innerhalb eines Prozesses.;Eine noch nicht gestartete ausführbare Programmdatei.;Ein vom Scheduler zugeteilter Zeitraum auf einer CPU.;Ein gespeichertes Abbild eines beendeten Prozesses.;0;Ein Thread ist ein Ausführungsstrang mit eigenem Befehlszeiger und Stack. Mehrere Threads eines Prozesses teilen typischerweise dessen Adressraum und weitere Ressourcen.;
betriebssysteme-019;Betriebssysteme;;medium;Welche Information gehört typischerweise zu den Metadaten einer Datei?;Der Zeitpunkt ihrer letzten Änderung.;Der erste Absatz ihres Textinhalts.;Das abgebildete Motiv einer Bilddatei.;Die Melodie einer gespeicherten Audiodatei.;0;Metadaten beschreiben eine Datei, etwa Größe, Zeitstempel, Eigentümer und Zugriffsrechte. Sie sind von den eigentlichen Nutzdaten der Datei zu unterscheiden.;
betriebssysteme-020;Betriebssysteme;;medium;Welches Dateisystem wird typischerweise für Windows-Systemlaufwerke verwendet?;NTFS;ext4;APFS;ISO 9660;0;NTFS ist das übliche Dateisystem für moderne Windows-Systemlaufwerke.;
betriebssysteme-021;Betriebssysteme;;medium;Welches Dateisystem ist auf vielen Linux-Systemen verbreitet?;ext4;NTFS;APFS;FAT12;0;ext4 ist ein weit verbreitetes Linux-Dateisystem.;
betriebssysteme-022;Betriebssysteme;;medium;Welche Aussage zu Dateiberechtigungen ist korrekt?;Sie legen erlaubte Dateioperationen für Benutzer und Gruppen fest.;Sie legen die Reihenfolge der physischen Datenblöcke einer Datei fest.;Sie legen das vom Dateisystem verwendete Kompressionsverfahren fest.;Sie legen die Aufbewahrungsdauer gelöschter Dateien im Papierkorb fest.;0;Berechtigungen regeln Zugriffsrechte auf Ressourcen.;
betriebssysteme-023;Betriebssysteme;;medium;Warum ist das Prinzip der geringsten Rechte sinnvoll?;Begrenzte Rechte verringern den möglichen Schaden bei Fehlern oder kompromittierten Konten.;Gleiche Administratorrechte für alle Konten erleichtern die Nachverfolgung einzelner Aktionen.;Häufig wechselnde Rechte ersetzen die Prüfung der Benutzeridentität bei der Anmeldung.;Zusätzliche Schreibrechte verhindern, dass Anwendungen durch fehlende Berechtigungen angreifbar werden.;0;Beim Prinzip der geringsten Rechte erhalten Benutzer und Dienste die für ihre Aufgaben erforderlichen Berechtigungen. Dadurch bleiben die Auswirkungen von Fehlbedienung oder einem kompromittierten Konto begrenzt.;
betriebssysteme-024;Betriebssysteme;;medium;Was unterscheidet ein lokales Windows-Benutzerkonto von einem Konto in einer Active-Directory-Domäne?;Das lokale Konto wird auf dem Rechner verwaltet, das Domänenkonto zentral in Active Directory.;Das lokale Konto gilt auf allen Domänenrechnern, das Domänenkonto auf einem einzelnen Rechner.;Das lokale Konto speichert Gruppenmitgliedschaften zentral, das Domänenkonto in jeder Anwendung.;Das lokale Konto nutzt einen Domänencontroller zur Verwaltung, das Domänenkonto die lokale Kontodatenbank.;0;Lokale Konten werden in der Kontodatenbank des jeweiligen Rechners verwaltet. Konten einer Active-Directory-Domäne werden zentral verwaltet und können für den Zugriff auf Domänenressourcen berechtigt werden.;
betriebssysteme-025;Betriebssysteme;;medium;Welcher Befehl zeigt unter Windows typischerweise die IP-Konfiguration an?;ipconfig;nslookup;netstat;tracert;0;ipconfig zeigt unter Windows Netzwerkadapter und IP-Konfigurationen.;
betriebssysteme-026;Betriebssysteme;;medium;Was bewirkt ipconfig /release auf einer Windows-Schnittstelle, die ihre IPv4-Konfiguration per DHCP bezieht?;Der Client gibt die DHCP-Lease frei und verwirft die zugehörige IPv4-Konfiguration.;Der Client erneuert die Lease und übernimmt die vom DHCP-Server angebotene Konfiguration.;Der Client leert die gespeicherten Antworten des lokalen DNS-Resolver-Caches.;Der Client registriert seinen Rechnernamen erneut beim konfigurierten DNS-Server.;0;ipconfig /release sendet eine DHCPRELEASE-Nachricht und verwirft die DHCP-Konfiguration der betroffenen Schnittstelle. Die Verbindung über diese IPv4-Konfiguration steht danach nicht mehr zur Verfügung, bis eine neue Konfiguration eingerichtet wird.;
betriebssysteme-027;Betriebssysteme;;medium;Was bewirkt ipconfig /renew?;Der Client fordert eine DHCP-Konfiguration an oder erneuert seine Lease.;Der Client gibt seine DHCP-Lease frei und entfernt die zugehörige IP-Konfiguration.;Der Client leert die gespeicherten Antworten seines DNS-Resolver-Caches.;Der Client zeigt die aktuellen Einträge seiner IPv4-Routingtabelle an.;0;Der Befehl initiiert eine DHCP-Erneuerung.;
betriebssysteme-028;Betriebssysteme;;medium;Was macht ipconfig /flushdns?;Die zwischengespeicherten DNS-Antworten des lokalen Windows-Resolvers leeren.;Die gespeicherten IPv4-zu-MAC-Zuordnungen des lokalen Rechners leeren.;Die DHCP-Lease der lokalen Netzwerkschnittstelle freigeben.;Die statischen Routen aus der lokalen IPv4-Routingtabelle entfernen.;0;"ipconfig /flushdns leert den lokalen DNS-Resolver-Cache von Windows. Das kann veraltete oder negativ zwischengespeicherte Antworten beseitigen; Caches anderer Rechner oder einzelner Anwendungen werden dadurch nicht geleert.";
betriebssysteme-029;Betriebssysteme;;medium;Welcher Windows-Befehl zeigt die lokale ARP-Tabelle an?;arp -a;route -f;net user;sfc /scannow;0;arp -a zeigt gelernte IPv4-zu-MAC-Zuordnungen.;
betriebssysteme-030;Betriebssysteme;;medium;Welcher Befehl testet typischerweise die Erreichbarkeit eines Hosts mit ICMP?;ping;nslookup;netstat;arp;0;ping sendet ICMP-Echo-Anfragen und wertet Antworten sowie Laufzeiten aus. Eine fehlende Antwort beweist keine Nichterreichbarkeit, da ICMP gefiltert oder nicht beantwortet werden kann.;
betriebssysteme-031;Betriebssysteme;;medium;Welcher Befehl zeigt unter Windows typischerweise die Route über mehrere Hops zum Ziel?;tracert;nslookup;netstat -r;arp -a;0;"tracert sendet Pakete mit schrittweise erhöhtem Hop-Limit, bei IPv4 als TTL bezeichnet. Antworten von Zwischenstationen machen Hops sichtbar; Filterung oder fehlende Antworten können Lücken in der Ausgabe verursachen.";
betriebssysteme-032;Betriebssysteme;Linux-Dateisystemdiagnose;medium;Auf einem ext4-Dateisystem lassen sich keine neuen Dateien anlegen. df -h zeigt freien Speicherplatz, df -i jedoch 100 % belegte Inodes. Welche Ressource ist erschöpft?;Die verfügbaren Datenblöcke des Dateisystems;Die verfügbaren Inodes des Dateisystems;Die verfügbaren Dateideskriptoren des Prozesses;Die verfügbaren Arbeitsspeicherseiten des Systems;1;Eine neue Datei benötigt einen freien Inode für ihre Metadaten. Sind alle Inodes belegt, können trotz freier Datenblöcke keine weiteren Dateien angelegt werden.;
betriebssysteme-033;Betriebssysteme;Energieverwaltung;medium;Wie bewahrt ein Notebook im Ruhezustand (Hibernate) seinen Arbeitszustand auch bei vollständig unterbrochener Stromversorgung?;Es hält den Arbeitsspeicher über die Mainboard-Batterie unter Spannung.;Es überträgt den Arbeitsspeicherinhalt in den Flash-Speicher der UEFI-Firmware.;Es hält den Arbeitsspeicherinhalt ohne Versorgung in den RAM-Modulen.;Es sichert den Arbeitsspeicherinhalt vor dem Abschalten auf einem Massenspeicher.;3;"Beim Ruhezustand wird der Arbeitszustand auf nichtflüchtigem Speicher gesichert. Beim Fortsetzen wird er wiederhergestellt; eine dauerhafte Stromversorgung des RAM ist dafür nicht erforderlich.";
betriebssysteme-034;Betriebssysteme;;medium;Warum kann das Neustarten eines Dienstes ein Problem beheben, ohne den gesamten PC neu zu starten?;Die betroffene Dienstinstanz wird beendet und mit neuem internem Zustand gestartet.;Die ausführbare Datei des Dienstes wird dabei aus einer Sicherung wiederhergestellt.;Die registrierten Abhängigkeiten des Dienstes werden dabei aus der Konfiguration entfernt.;Die gespeicherten Einstellungen des Dienstes werden dabei auf Installationswerte zurückgesetzt.;0;"Ein Neustart kann einen fehlerhaften Laufzeitzustand des Dienstes beseitigen. Persistente Konfigurationsfehler bleiben dabei bestehen; abhängige Dienste können ebenfalls betroffen sein.";
betriebssysteme-035;Betriebssysteme;;medium;Was ist der Unterschied zwischen Herunterfahren und hartem Ausschalten einer VM?;"Herunterfahren gibt dem Gast Zeit zum Abschließen von Schreibvorgängen; hartes Ausschalten unterbricht ihn sofort.";"Herunterfahren verwirft ausstehende Schreibvorgänge; hartes Ausschalten wartet auf deren Abschluss.";"Herunterfahren speichert den RAM zum Fortsetzen; hartes Ausschalten beendet die Dienste geordnet.";"Herunterfahren setzt den letzten Checkpoint zurück; hartes Ausschalten sichert den aktuellen Zustand.";0;Sauberes Herunterfahren reduziert das Risiko inkonsistenter Daten.;
betriebssysteme-036;Betriebssysteme;;medium;Was ist eine virtuelle Maschine?;Ein System mit virtueller Hardware, auf dem ein eigenes Gastbetriebssystem ausgeführt wird.;Eine isolierte Anwendungsumgebung, die den Kernel des Hosts mit anderen Umgebungen teilt.;Eine gespeicherte Installationsdatei, aus der ein Betriebssystem eingerichtet werden kann.;Eine Fernzugriffssitzung, die den Bildschirm eines anderen Rechners überträgt.;0;VMs virtualisieren Hardware-Ressourcen und führen Gastbetriebssysteme isoliert aus.;
betriebssysteme-037;Betriebssysteme;;medium;Was ist ein Hypervisor?;Eine Plattform, die virtuelle Maschinen ausführt und ihnen Hardware-Ressourcen zuweist.;Ein Programm, das Anwendungen in einem gemeinsamen Gastbetriebssystem installiert.;Ein Dienst, der Benutzerprofile zwischen mehreren virtuellen Maschinen synchronisiert.;Ein Werkzeug, das den Inhalt virtueller Festplatten unabhängig von laufenden VMs archiviert.;0;Hypervisoren wie Hyper-V koordinieren virtuelle CPUs, RAM, Datenträger und Netzwerkgeräte.;
betriebssysteme-038;Betriebssysteme;;medium;Wie unterscheiden sich Typ-1- und Typ-2-Hypervisoren in ihrer grundlegenden Architektur?;"Typ 1 läuft direkt auf der Hardware; Typ 2 setzt auf einem Host-Betriebssystem auf.";"Typ 1 setzt auf einem Host-Betriebssystem auf; Typ 2 läuft direkt auf der Hardware.";"Typ 1 benötigt einen festen CPU-Kern je VM; Typ 2 teilt CPU-Zeit zwischen VMs auf.";"Typ 1 speichert virtuelle Festplatten als Dateien; Typ 2 greift auf Datenträger ohne Virtualisierung zu.";0;Die Einteilung beschreibt die Position des Hypervisors im Systemaufbau. Typ 1 bildet die Virtualisierungsschicht auf der Hardware, Typ 2 nutzt ein Host-Betriebssystem.;
betriebssysteme-039;Betriebssysteme;;medium;Was ist ein Snapshot/Checkpoint einer VM?;Ein gesicherter Zustandspunkt, zu dem eine VM zurückgesetzt werden kann.;Eine unabhängige Archivkopie der VM auf einem getrennten Sicherungsmedium.;Eine Vorlage, aus der neue VMs mit eigener Identität bereitgestellt werden.;Eine laufend synchronisierte zweite VM für die Übernahme bei Hostausfall.;0;Ein Checkpoint hält einen Zustand der VM zum späteren Zurücksetzen fest. Welche Zustandsbestandteile erfasst werden, hängt vom Checkpoint-Typ ab. Checkpoints hängen typischerweise von vorhandenen VM-Datenträgern ab und ersetzen deshalb kein unabhängiges Backup.;
betriebssysteme-040;Betriebssysteme;;hard;Eine VM verwendet mehrere aufeinander aufbauende differenzierende Datenträger. Warum kann eine lange Checkpoint-Kette Lesezugriffe aufwendiger machen?;Ein angeforderter Block muss gegebenenfalls in mehreren Ebenen der Kette gesucht werden.;Jeder Lesezugriff muss zuerst alle älteren Checkpoints in eine neue Vollkopie zusammenführen.;Jeder Datenträger der Kette muss denselben Block enthalten, bevor der Gast ihn lesen darf.;Der Gast muss für jeden Zugriff die Dateisystemprüfung aller Checkpoints abschließen.;0;"Liegt ein Block nicht im aktuellen differenzierenden Datenträger, kann er in einer übergeordneten Ebene liegen. Das Durchlaufen mehrerer Ebenen kann zusätzlichen Aufwand erzeugen; tatsächliche Auswirkungen hängen unter anderem von Speichertechnik und Caching ab.";
betriebssysteme-041;Betriebssysteme;;medium;Was ist ein Bootloader?;Ein Programm, das den Betriebssystemkernel lädt und dessen Start vorbereitet.;Ein Programm, das laufenden Prozessen CPU-Zeit zuweist.;Ein Dienst, der Benutzer nach dem Systemstart authentifiziert.;Ein Treiber, der im laufenden System Dateizugriffe bearbeitet.;0;UEFI/BIOS lädt typischerweise einen Bootloader, der anschließend das Betriebssystem startet.;
betriebssysteme-042;Betriebssysteme;;medium;Welche Reihenfolge beschreibt vereinfacht den Start eines Rechners mit separatem Bootloader?;UEFI/BIOS → Bootloader → Betriebssystemkernel → Dienste/Benutzerumgebung;Bootloader → UEFI/BIOS → Betriebssystemkernel → Dienste/Benutzerumgebung;UEFI/BIOS → Betriebssystemkernel → Bootloader → Dienste/Benutzerumgebung;UEFI/BIOS → Bootloader → Dienste/Benutzerumgebung → Betriebssystemkernel;0;Firmware initialisiert die Plattform, danach folgt der Bootloader und anschließend der Kernel.;
betriebssysteme-043;Betriebssysteme;;medium;Was ist ein Kernel?;Der Betriebssystemkern, der Speicher, Prozesse und Gerätezugriffe koordiniert.;Die grafische Oberfläche, über die Benutzer Programme und Dateien öffnen.;Die Kommandozeilenumgebung, die Benutzereingaben als Befehle interpretiert.;Die Firmware, die vor dem Laden des Betriebssystems die Hardware initialisiert.;0;Der Kernel bildet den Kern des Betriebssystems und stellt grundlegende Systemfunktionen bereit.;
betriebssysteme-044;Betriebssysteme;;medium;Was ist Swap bzw. eine Auslagerungsdatei?;Ein Bereich auf einem Datenträger, in den Speicherseiten ausgelagert werden können.;Ein RAM-Bereich, in dem kürzlich gelesene Dateiinhalte zwischengespeichert werden.;Ein CPU-Speicher, der häufig benötigte Befehle und Daten bereithält.;Ein Datenträgerabbild, das den Arbeitszustand für den Ruhezustand sichert.;0;Auslagerung kann RAM-Inhalte auf Datenträger verschieben, ist aber deutlich langsamer als RAM.;
betriebssysteme-045;Betriebssysteme;;hard;Ein Rechner wird bei hoher Auslastung sehr langsam. Welche Messwerte sprechen besonders für Speicherdruck mit starker Auslagerung?;Wenig verfügbarer RAM zusammen mit vielen Seitenzugriffen auf den Auslagerungsdatenträger.;Hohe CPU-Auslastung zusammen mit viel verfügbarem RAM und wenigen Datenträgerzugriffen.;Hohe Netzwerklatenz zusammen mit wenig CPU-Auslastung und viel verfügbarem RAM.;Hohe GPU-Auslastung zusammen mit wenig Datenträgeraktivität und viel verfügbarem RAM.;0;Wenig verfügbarer RAM und häufige Zugriffe auf ausgelagerte Speicherseiten sprechen zusammen für Speicherdruck. Hohe Datenträgerauslastung allein reicht nicht aus, weil auch normale Dateioperationen sie verursachen können.;
betriebssysteme-046;Betriebssysteme;;medium;Was ist der Unterschied zwischen Administrator- und Standardbenutzerkonto?;"Administrative Rechte ermöglichen systemweite Änderungen; Standardkonten benötigen dafür eine Berechtigungserhöhung.";"Administrative Rechte betreffen persönliche Dateien; Standardkonten verwalten die systemweiten Einstellungen.";"Administrative Rechte gelten für grafische Programme; Standardkonten verwalten das System über die Kommandozeile.";"Administrative Rechte erlauben Netzwerkzugriffe; Standardkonten dürfen Programme lokal installieren und Dienste ändern.";0;Die Trennung reduziert Risiken durch unnötig hohe Rechte.;
betriebssysteme-047;Betriebssysteme;;medium;Wozu dient UAC unter Windows?;Eine kontrollierte Rechteerhöhung für administrative Aktionen ermöglichen.;Dateiinhalte anhand des angemeldeten Benutzers verschlüsseln.;Die Mitgliedschaft von Benutzerkonten in Domänengruppen verwalten.;Das Kennwort eines Benutzerkontos nach einer festgelegten Frist erneuern.;0;User Account Control hilft, administrative Aktionen von normalen Benutzeraktionen zu trennen.;
betriebssysteme-048;Betriebssysteme;;medium;Welche Aussage beschreibt sudo unter Linux korrekt?;Es führt erlaubte Befehle im Kontext eines anderen Benutzers aus, standardmäßig root.;Es fügt den aufrufenden Benutzer dauerhaft zur Administratorgruppe hinzu.;Es ändert den Eigentümer der angegebenen ausführbaren Datei auf root.;Es startet den angegebenen Befehl nach einem festgelegten Zeitplan.;0;sudo prüft eine Richtlinie und führt erlaubte Befehle als Zielbenutzer aus, standardmäßig als root. Der Zielbenutzer kann auch ein anderes, weniger privilegiertes Konto sein.;
betriebssysteme-049;Betriebssysteme;;medium;Welcher Linux-Befehl zeigt typischerweise das aktuelle Verzeichnis an?;pwd;cd;ls;ip;0;pwd steht für print working directory.;
betriebssysteme-050;Betriebssysteme;;medium;Welcher Linux-Befehl listet Dateien und Verzeichnisse auf?;ls;pwd;mkdir;sudo;0;ls listet Verzeichnisinhalte auf.;
betriebssysteme-051;Betriebssysteme;;medium;Welche Aufgabe hat sudo apt update auf einem Debian- oder Ubuntu-System?;Die lokalen Paketlisten aus den konfigurierten Paketquellen aktualisieren.;Die installierten Pakete auf neuere verfügbare Versionen aktualisieren.;Nicht mehr benötigte automatisch installierte Pakete entfernen.;Bereits heruntergeladene Paketdateien aus dem lokalen Cache löschen.;0;"apt update lädt aktuelle Paketinformationen aus den konfigurierten Quellen. Installierte Programme werden dadurch noch nicht aktualisiert; dafür dient beispielsweise apt upgrade.";
betriebssysteme-052;Betriebssysteme;;medium;Welche Aufgabe hat sudo apt upgrade auf einem Debian- oder Ubuntu-System?;Installierte Pakete auf verfügbare neuere Versionen aktualisieren.;Die lokalen Informationen über verfügbare Paketversionen neu einlesen.;Nicht mehr benötigte automatisch installierte Pakete entfernen.;Die Paketdateien aus dem lokalen Download-Cache löschen.;0;"apt upgrade installiert neuere Versionen vorhandener Pakete anhand der lokalen Paketlisten. Bei Bedarf können neue Abhängigkeiten hinzukommen; vorhandene Pakete werden dabei nicht entfernt. Solche Konflikte können dazu führen, dass Aktualisierungen zurückgehalten werden.";
betriebssysteme-053;Betriebssysteme;;medium;Warum sollte man vor tiefgreifenden Systemänderungen einen Wiederherstellungsplan besitzen?;Ein getesteter Rückweg begrenzt Ausfallzeit und Datenverlust, wenn die Änderung fehlschlägt.;Ein dokumentierter Rückweg ersetzt die Prüfung, ob vorhandene Sicherungen lesbar sind.;Ein Wiederherstellungsplan behebt vorhandene Konfigurationsfehler bereits vor der Änderung.;Ein Wiederherstellungsplan macht die Abstimmung eines Wartungsfensters überflüssig.;0;Ein Wiederherstellungsplan beschreibt, wie nach einer fehlgeschlagenen Änderung ein funktionsfähiger Zustand erreicht wird. Dazu gehören geeignete Sicherungen, getestete Schritte und die benötigten Zugänge oder Werkzeuge.;
betriebssysteme-054;Betriebssysteme;;medium;Was bedeutet 'Patchen' eines Betriebssystems?;Korrekturpakete für bekannte Softwarefehler oder Sicherheitslücken installieren.;Die Konfiguration des Systems auf die ursprünglichen Installationswerte zurücksetzen.;Das Betriebssystem mit derselben Version vollständig neu installieren.;Eine Sicherungskopie der installierten Systemdateien auf einem anderen Datenträger anlegen.;0;Patches schließen Fehler und Sicherheitslücken oder verbessern Funktionen.;
betriebssysteme-055;Betriebssysteme;;medium;Warum sollten Systeme nicht dauerhaft mit nicht benötigten Diensten betrieben werden?;Sie können unnötig Ressourcen beanspruchen und zusätzliche Angriffspunkte bieten.;Sie beschleunigen die Anmeldung, weil sie Berechtigungsprüfungen übernehmen.;Sie ersetzen Sicherheitsupdates für andere laufende Hintergrundkomponenten.;Sie verringern den Verwaltungsaufwand, weil mehr Funktionen dauerhaft aktiv bleiben.;0;Minimierung unnötiger Dienste reduziert Komplexität und mögliche Angriffsflächen.;
betriebssysteme-056;Betriebssysteme;Systemverwaltung;medium;Warum bleibt ein nicht mehr mit Sicherheitsupdates versorgtes Betriebssystem trotz aktuellem Virenschutz ein Risiko?;Neu entdeckte Lücken im Betriebssystem können ungepatcht bleiben.;Aktuelle Virensignaturen ersetzen fehlende Betriebssystemkorrekturen vollständig.;Virenschutz macht verwundbare Systemdienste unabhängig von ihrer Konfiguration unerreichbar.;Ein älteres Betriebssystem kann nach dem Supportende keine neuen Schwachstellen mehr aufweisen.;0;Virenschutz und Betriebssystemupdates erfüllen unterschiedliche Aufgaben. Fehlen Sicherheitskorrekturen, können Schwachstellen bestehen bleiben, die ein Virenschutz nicht zuverlässig ausgleicht.;
betriebssysteme-057;Betriebssysteme;Virtualisierung;medium;Was ist ein typischer Unterschied zwischen Host und Gast in einer Virtualisierungsumgebung?;"Der Host stellt Ressourcen bereit; das Gastbetriebssystem läuft innerhalb einer VM.";"Der Gast stellt die Hardware bereit; der Host läuft als Anwendung innerhalb des Gastes.";Host und Gast sind zwei Benutzerkonten innerhalb desselben Betriebssystems.;Host und Gast bezeichnen aktive und inaktive Kopien derselben virtuellen Festplatte.;0;Der Host ist das zugrunde liegende System mit der Hardware, während der Gast als virtuelle Maschine darauf ausgeführt wird;
betriebssysteme-058;Betriebssysteme;Windows;medium;Welche Aufgabe hat der Windows-Explorer hauptsächlich?;Dateien, Ordner und Laufwerke anzeigen und verwalten.;Laufende Prozesse und ihre Ressourcennutzung überwachen.;Hardwaregeräte und deren Treiberkonfiguration verwalten.;Systemereignisse und Anwendungsfehler protokolliert anzeigen.;0;Der Windows-Explorer dient zur Verwaltung von Dateien, Ordnern und Laufwerken.;
betriebssysteme-059;Betriebssysteme;Windows;medium;Welches Windows-Werkzeug zeigt laufende Prozesse und deren Ressourcennutzung?;Task-Manager;Ereignisanzeige;Geräte-Manager;Datenträgerverwaltung;0;Der Task-Manager zeigt Prozesse sowie CPU-, RAM- und Datenträgerauslastung.;
betriebssysteme-060;Betriebssysteme;Windows;medium;Wofür wird der Geräte-Manager unter Windows verwendet?;Erkannte Hardwaregeräte und zugehörige Treiber prüfen und verwalten.;Laufende Programme und deren Arbeitsspeicherverbrauch anzeigen.;Datenträger partitionieren und Laufwerksbuchstaben zuordnen.;Anmeldeereignisse und fehlgeschlagene Systemdienste auswerten.;0;Im Geräte-Manager lassen sich Hardwaregeräte und Treiber prüfen und verwalten.;
betriebssysteme-061;Betriebssysteme;Windows;medium;Welches Werkzeug hilft bei der Analyse von Windows-Systemereignissen und Fehlern?;Ereignisanzeige;Task-Manager;Geräte-Manager;Aufgabenplanung;0;Die Ereignisanzeige zeigt protokollierte System-, Anwendungs- und Sicherheitsereignisse an. Zeitstempel, Ereignisquellen und Ereignis-IDs unterstützen die Fehleranalyse.;
betriebssysteme-062;Betriebssysteme;Windows-Automatisierung;medium;Ein vorhandenes Wartungsskript soll unter Windows montags bis freitags jeweils um 19 Uhr automatisch ausgeführt werden. Welches Verwaltungswerkzeug ist dafür vorgesehen?;Aufgabenplanung;Diensteverwaltung;Ereignisanzeige;Leistungsüberwachung;0;Die Aufgabenplanung startet Programme oder Skripte anhand definierter Auslöser. Ein wöchentlicher Zeittrigger kann auf Montag bis Freitag um 19 Uhr eingestellt werden.;
betriebssysteme-063;Betriebssysteme;Linux;medium;Welcher Linux-Befehl zeigt Verzeichniseinträge einschließlich versteckter Namen in ausführlicher Form an?;ls -la;ls -l;ls -d;ls -R;0;"Bei ls aktiviert -l das ausführliche Format und -a die Anzeige aller Namen einschließlich der Einträge mit führendem Punkt. -d zeigt Verzeichnisse selbst statt ihrer Inhalte; -R arbeitet rekursiv.";
betriebssysteme-064;Betriebssysteme;Linux;medium;In Bash führt der Pfad zum aktuellen Verzeichnis über einen symbolischen Link. Welcher Befehl zeigt den physischen Pfad mit aufgelösten symbolischen Links?;pwd -P;pwd -L;cd -;ls -d .;0;pwd -P zeigt den physischen Verzeichnispfad und löst dabei symbolische Links auf. pwd -L verwendet den logischen Pfad, der solche Links enthalten kann.;
betriebssysteme-065;Betriebssysteme;Linux;medium;Welcher Befehl wird unter Linux verwendet, um in ein anderes Verzeichnis zu wechseln?;cd;cp;mv;touch;0;cd steht für change directory.;
betriebssysteme-066;Betriebssysteme;Linux;medium;Was macht der Befehl mkdir?;Er legt ein neues Verzeichnis an.;Er wechselt in ein vorhandenes Verzeichnis.;Er benennt ein vorhandenes Verzeichnis um.;Er entfernt ein vorhandenes leeres Verzeichnis.;0;mkdir erstellt ein neues Verzeichnis.;
betriebssysteme-067;Betriebssysteme;Linux;medium;Die Textdatei notiz.txt enthält zehn unterschiedliche Zeilen. Welcher Linux-Befehl gibt ihren gesamten Inhalt ohne interaktive Seitenanzeige auf der Standardausgabe aus?;cat notiz.txt;wc -l notiz.txt;head -n 1 notiz.txt;tail -n 1 notiz.txt;0;cat gibt den vollständigen Dateiinhalt auf der Standardausgabe aus. wc -l zählt Zeilen, head -n 1 zeigt die erste und tail -n 1 die letzte Zeile.;
betriebssysteme-068;Betriebssysteme;Linux;medium;Welcher Befehl führt unter Linux id als Benutzer www-data aus, sofern die sudo-Richtlinie dies erlaubt?;sudo -u www-data id;sudo id www-data;id -u www-data;whoami www-data;0;"Bei sudo wählt -u das Zielkonto für den auszuführenden Befehl. sudo -u www-data id startet id mit der Identität von www-data; eine reine Kontoabfrage wechselt dagegen nicht den Ausführungskontext.";
betriebssysteme-069;Betriebssysteme;Dateisysteme;medium;Eine Datei liegt in einem unter Windows freigegebenen NTFS-Ordner. Der Benutzer öffnet sie direkt über den lokalen Pfad C:\Projekte\plan.txt, nicht über die Freigabe. Welche Berechtigungsebene wird für diesen lokalen Dateizugriff geprüft?;Die NTFS-Berechtigungen der Datei und ihres Zugriffspfads.;Die SMB-Freigabeberechtigungen des Ordners.;Die Schnittmenge aus SMB-Freigabe- und NTFS-Berechtigungen.;Die jeweils weitergehende Berechtigung aus SMB-Freigabe und NTFS.;0;Ein Zugriff über den lokalen Dateipfad unterliegt den Dateisystemberechtigungen. SMB-Freigaberechte kommen beim Zugriff über die Freigabe hinzu, nicht allein deshalb, weil der Ordner auch freigegeben ist.;
betriebssysteme-070;Betriebssysteme;Dateisysteme;medium;Welches Merkmal unterscheidet ext4 von ext2 hinsichtlich der Wiederherstellung nach einem Absturz?;ext4 unterstützt ein Journal für Dateisystemänderungen.;ext4 speichert mehrere historische Versionen jeder Datei.;ext4 legt für jede Datei eine Kopie auf einem zweiten Datenträger an.;ext4 prüft nach jedem Schreibvorgang automatisch den gesamten Datenträger auf Dateisystemfehler.;0;"ext4 unterstützt Journaling; ext2 besitzt kein Journal. Das Journal erleichtert die Wiederherstellung konsistenter Dateisystemstrukturen, ersetzt aber weder Dateiversionierung noch Backups.";
betriebssysteme-071;Betriebssysteme;Dateisysteme;medium;Welcher Nachteil von FAT32 ist im Alltag besonders relevant?;Die Größe einer einzelnen Datei ist auf 4 GiB minus 1 Byte begrenzt.;Die Gesamtgröße eines Volumes ist auf 4 GiB minus 1 Byte begrenzt.;Die Summe der Dateigrößen je Verzeichnis ist auf 4 GiB minus 1 Byte begrenzt.;Der freie Speicher muss mindestens 4 GiB minus 1 Byte betragen.;0;Bei FAT32 beträgt die maximale Größe einer einzelnen Datei 2^32 - 1 Byte, also 4 GiB minus 1 Byte. Diese Grenze ist von der maximalen Größe des gesamten Volumes zu unterscheiden.;
betriebssysteme-072;Betriebssysteme;Dateisysteme;hard;Ein USB-Stick soll sowohl unter Windows als auch Linux funktionieren und Dateien größer als 4 GB speichern. Welches Dateisystem ist dafür oft sinnvoll?;exFAT;FAT16;ISO 9660;ext2;0;exFAT wird häufig für plattformübergreifende Wechseldatenträger mit großen Dateien verwendet.;
betriebssysteme-073;Betriebssysteme;NTFS-Speicherkontingente;medium;Auf einem gemeinsam genutzten NTFS-Volume soll der belegbare Speicherplatz pro Benutzer begrenzt werden. Welche Funktion ist dafür vorgesehen?;NTFS-Dateikomprimierung;NTFS-Zugriffsberechtigungen;NTFS-Datenträgerkontingente;NTFS-Dateiverschlüsselung;2;NTFS-Datenträgerkontingente erfassen die Speicherbelegung anhand des Dateibesitzers. Mit einem erzwungenen Kontingentlimit lässt sich weiterer Speicherverbrauch oberhalb der Grenze verhindern.;
betriebssysteme-074;Betriebssysteme;Dateisysteme;medium;Was bedeutet es, ein Volume zu formatieren?;Auf dem Volume die Strukturen eines Dateisystems einzurichten.;Den Datenträger durch eine Partitionstabelle in Bereiche aufzuteilen.;Die vorhandenen Dateien auf einen zweiten Datenträger zu kopieren.;Die Datenblöcke vorhandener Dateien zur Beschleunigung neu anzuordnen.;0;Beim Formatieren werden Dateisystemstrukturen eingerichtet, etwa zur Verwaltung von Dateien und freiem Speicher. Das ist von Partitionieren, Sichern und Defragmentieren zu unterscheiden.;
betriebssysteme-075;Betriebssysteme;Linux-Prozesszustände;medium;Ein Linux-Prozess wird in der Prozessliste mit dem Zustand Z angezeigt. Was bedeutet dieser Zustand?;Er ist beendet, sein Elternprozess hat den Exit-Status noch nicht abgeholt.;Er ist angehalten und wartet auf ein Signal zum Fortsetzen.;Er ist ausführungsbereit und wartet auf die Zuteilung von CPU-Zeit.;Er ist blockiert und wartet auf den Abschluss einer Ein-/Ausgabeoperation.;0;Z bezeichnet einen Zombie-Prozess. Seine Ausführung ist beendet, aber ein Prozesseintrag bleibt erhalten, bis der Elternprozess den Beendigungsstatus mit einer wait-Funktion abholt.;
betriebssysteme-076;Betriebssysteme;Dateisysteme;medium;Auf einem Linux-Dateisystem sind bericht.txt und archiv.txt Hardlinks auf dieselbe reguläre Datei. Was geschieht, wenn nur bericht.txt gelöscht wird?;archiv.txt bleibt als Name bestehen, verweist aber auf ein fehlendes Ziel.;archiv.txt wird ebenfalls gelöscht, weil beide Namen dieselbe Datei bezeichnen.;archiv.txt bleibt nutzbar und ermöglicht weiterhin Zugriff auf denselben Inhalt.;archiv.txt bleibt bestehen, enthält danach aber eine neu angelegte leere Datei.;2;Hardlinks sind gleichwertige Namen für dieselbe Datei. Das Entfernen eines Namens löscht den Inhalt nicht, solange ein weiterer Hardlink darauf verweist.;
betriebssysteme-077;Betriebssysteme;Prozesse;medium;Warum kann ein Programm mehrere Threads verwenden?;Um mehrere Aufgaben innerhalb eines Prozesses nebenläufig oder parallel zu bearbeiten.;Um jeder Aufgabe einen eigenen, von den anderen Threads isolierten Adressraum zu geben.;Um die Synchronisierung gemeinsam verwendeter Daten dem Dateisystem zu überlassen.;Um die Ausführungsreihenfolge aller Aufgaben unabhängig vom Scheduler festzulegen.;0;Mehrere Threads können unterschiedliche Aufgaben desselben Prozesses gleichzeitig oder überlappend bearbeiten.;
betriebssysteme-078;Betriebssysteme;Prozesse;medium;Was passiert typischerweise, wenn ein Prozess beendet wird?;Private Speicherbereiche und offene Handles werden vom Betriebssystem freigegeben.;Die ausführbare Programmdatei wird vom Dateisystem entfernt.;Die von ihm erzeugten Dateien werden auf den Zustand vor dem Start zurückgesetzt.;Die von ihm verwendeten Benutzerkonten werden aus der Kontodatenbank entfernt.;0;"Beim Prozessende räumt das Betriebssystem Ressourcen wie privaten Speicher und offene Handles auf. Gemeinsam genutzte Ressourcen können weiterbestehen; unter Unix kann ein kleiner Prozesseintrag bis zum Abholen des Exit-Status erhalten bleiben.";
betriebssysteme-079;Betriebssysteme;Arbeitsspeicher;medium;Welche Aufgabe hat der RAM?;Aktuell verwendete Programme und Daten als flüchtiger Arbeitsspeicher bereithalten.;Programme und Daten ohne Stromversorgung dauerhaft aufbewahren.;Häufig verwendete Daten direkt innerhalb des Prozessors zwischenspeichern.;Hardwareeinstellungen für den nächsten Start in nichtflüchtigem Speicher sichern.;0;RAM dient als schneller, flüchtiger Arbeitsspeicher.;
betriebssysteme-080;Betriebssysteme;Arbeitsspeicher;medium;Kann ein Betriebssystem virtuelle Adressräume verwenden, wenn kein Swap-Bereich eingerichtet ist?;Ja, virtuelle Adressen können auch ohne Auslagerung auf physischen RAM abgebildet werden.;Nein, virtuelle Adressen sind immer Positionen innerhalb einer Auslagerungsdatei.;Nein, ohne Swap muss jeder Prozess dieselben physischen Adressen verwenden.;Ja, aber dann müssen alle Prozesse auf den Speicherschutz verzichten.;0;"Virtuelle Adressierung und Speicherschutz funktionieren unabhängig von einem Swap-Bereich. Ohne Swap stehen bestimmte Auslagerungsmöglichkeiten nicht zur Verfügung; dadurch entfällt aber nicht die virtuelle Adressverwaltung.";
betriebssysteme-081;Betriebssysteme;Arbeitsspeicher;medium;Wie lässt sich ein geeigneter, vorbereiteter Swap-Bereich unter Linux für die Speicherauslagerung aktivieren?;Mit swapon für die Swap-Datei oder Swap-Partition.;Mit mount für einen Einhängepunkt im Verzeichnisbaum.;Mit chmod +x für die Swap-Datei oder das Blockgerät.;Mit fsck zur Freigabe der darin enthaltenen Datenblöcke.;0;"swapon aktiviert einen dafür vorbereiteten Swap-Bereich. Das Erstellen geeigneter Swap-Strukturen und das Aktivieren sind getrennte Schritte; normales Einhängen mit mount macht einen Bereich nicht zu aktivem Swap.";
betriebssysteme-082;Betriebssysteme;Arbeitsspeicher;hard;Ein bereits laufender Prozess greift auf eine ausgelagerte Speicherseite zu. Was muss geschehen, bevor der unterbrochene Zugriff fortgesetzt werden kann?;Das Betriebssystem muss die benötigte Seite wieder in den RAM laden.;Der Kernel muss den Zugriff als ungültig ablehnen, weil ausgelagerte Seiten nicht mehr zum Prozess gehören.;Der Prozess muss die fehlende Seite selbst aus der Auslagerungsdatei lesen und danach neu starten.;Der Kernel muss den gesamten virtuellen Adressraum des Prozesses gleichzeitig in den RAM übernehmen.;0;Ein Zugriff auf eine gültige, aber ausgelagerte Seite löst einen Seitenfehler aus. Das Betriebssystem lädt die Seite in den RAM, aktualisiert die Zuordnung und kann anschließend den Zugriff fortsetzen.;
betriebssysteme-083;Betriebssysteme;Benutzer und Rechte;medium;Warum gibt es unterschiedliche Benutzerrechte in einem Betriebssystem?;Damit erlaubte Zugriffe auf Daten und Systemfunktionen den Aufgaben der Benutzer entsprechen.;Damit die Identität eines Benutzers allein anhand der vorhandenen Dateirechte festgestellt wird.;Damit jede erlaubte Aktion ohne zusätzliche Protokollierung einem Benutzer nachweisbar zugeordnet ist.;Damit Dateien durch die Rechtevergabe automatisch gegen das Auslesen außerhalb des Systems verschlüsselt werden.;0;Berechtigungen schützen Daten und Systemfunktionen vor unerlaubtem Zugriff.;
betriebssysteme-084;Betriebssysteme;Benutzer und Rechte;medium;Welches Konto besitzt typischerweise umfangreichere Systemrechte?;Administrator;Gast;Standardbenutzer;Anonymer Benutzer;0;Administratorkonten besitzen erweiterte Rechte zur Systemverwaltung.;
betriebssysteme-085;Betriebssysteme;Benutzer und Rechte;medium;Was bedeutet unter Linux die Berechtigung 'r'?;read;run;rename;root;0;r steht für read, also Lesen.;
betriebssysteme-086;Betriebssysteme;Benutzer und Rechte;medium;Was bedeutet unter Linux die Berechtigung 'w'?;write;watch;wait;work;0;w steht für write, also Schreiben.;
betriebssysteme-087;Betriebssysteme;Benutzer und Rechte;medium;Wofür steht das Berechtigungszeichen x bei einer regulären Datei unter Linux?;execute;export;extract;exit;0;Bei einer regulären Datei steht x für execute, also die Ausführungsberechtigung. Bei Verzeichnissen erlaubt x dagegen das Durchsuchen beziehungsweise Durchqueren des Verzeichnispfads.;
betriebssysteme-088;Betriebssysteme;Benutzer und Rechte;medium;Welche Dateiberechtigung benötigt ein gewöhnlicher Linux-Benutzer, um den Inhalt einer vorhandenen regulären Datei direkt zu überschreiben? Der Zugriff auf den Pfad ist bereits erlaubt.;Schreibberechtigung auf die Datei.;Leseberechtigung auf die Datei.;Ausführungsberechtigung auf die Datei.;Schreibberechtigung auf das übergeordnete Verzeichnis.;0;Direktes Überschreiben des vorhandenen Dateiinhalts erfordert Schreibberechtigung auf die Datei. Das Löschen und Neuanlegen eines Verzeichniseintrags ist eine andere Operation und wird über Verzeichnisrechte kontrolliert.;
betriebssysteme-089;Betriebssysteme;Linux-Shell;medium;Welche Umleitung hängt in Bash nur die Standardfehlerausgabe eines Befehls an eine vorhandene Datei fehler.log an?;> fehler.log;2> fehler.log;>> fehler.log;2>> fehler.log;3;Dateideskriptor 2 bezeichnet die Standardfehlerausgabe. Der Operator >> hängt Ausgaben an, ohne den bisherigen Dateiinhalt zu überschreiben.;
betriebssysteme-090;Betriebssysteme;Treiber;medium;Ein neu angeschlossenes Gerät wird erkannt, aber Windows findet keinen passenden Gerätetreiber. Welche Folge ist plausibel?;Gerätefunktionen sind nicht oder nur eingeschränkt verfügbar.;Die Hardwareerkennung genügt, um sämtliche Gerätefunktionen unverändert bereitzustellen.;Der bereits vorhandene Treiber eines anderen Gerätetyps übernimmt dieselben Funktionen.;Ein Neustart ersetzt die Treiberinstallation unabhängig von verfügbaren Treiberpaketen.;0;Ohne passenden Treiber kann Hardware nicht oder nur eingeschränkt funktionieren.;
betriebssysteme-091;Betriebssysteme;Bootprozess;medium;Welche Komponente startet nach dem Einschalten zunächst die Hardwareinitialisierung eines modernen PCs?;UEFI-Firmware;Bootloader;Betriebssystemkernel;Anmeldedienst;0;UEFI bzw. BIOS initialisiert die Hardware und startet anschließend den Bootvorgang.;
betriebssysteme-092;Betriebssysteme;Bootprozess;medium;Auf einem Rechner sind zwei Betriebssysteme installiert. Welche Funktion kann ein Bootmanager vor dem Start des Kernels bereitstellen?;Die Auswahl des zu startenden Betriebssystems.;Die Vergabe von CPU-Zeit an bereits laufende Benutzerprogramme.;Die Prüfung der Zugriffsrechte auf freigegebene Netzwerkordner.;Die Installation ausstehender Anwendungspakete im angemeldeten Benutzerkonto.;0;Ein Bootmanager kann mehrere Startoptionen anbieten und den ausgewählten Ladepfad starten. Diese Auswahl erfolgt vor der regulären Benutzerumgebung des gewählten Betriebssystems.;
betriebssysteme-093;Betriebssysteme;Bootprozess;medium;Warum kann die Bootreihenfolge im UEFI wichtig sein?;Sie legt fest, welche konfigurierten Bootoptionen zuerst versucht werden.;Sie legt fest, in welcher Reihenfolge Benutzerprogramme CPU-Zeit erhalten.;Sie legt fest, welche Benutzerkonten zuerst zur Anmeldung angeboten werden.;Sie legt fest, in welcher Reihenfolge Gerätetreiber Updates erhalten.;0;Die UEFI-Bootreihenfolge legt fest, welche konfigurierten Startoptionen zuerst versucht werden, etwa der installierte Bootmanager, ein USB-Medium oder der Netzwerkstart.;
betriebssysteme-094;Betriebssysteme;Linux-Dateisystemverwaltung;medium;In welcher Konfigurationsdatei werden unter Linux üblicherweise dauerhafte Zuordnungen zwischen Dateisystemen, Einhängepunkten und Mount-Optionen hinterlegt?;/etc/hosts;/etc/fstab;/etc/passwd;/etc/resolv.conf;1;/etc/fstab beschreibt Dateisysteme, ihre Einhängepunkte und Mount-Optionen. Die Einträge können unter anderem zum automatischen Einhängen beim Systemstart verwendet werden.;
betriebssysteme-095;Betriebssysteme;Virtualisierung;medium;Mehrere VMs besitzen zusammen mehr virtuelle CPUs, als der Host gleichzeitig ausführen kann. Wie ermöglicht der Hypervisor dennoch ihren Betrieb?;Er plant virtuelle CPUs zeitlich auf den verfügbaren physischen Ausführungseinheiten ein.;Er reserviert für jede virtuelle CPU dauerhaft einen eigenen physischen Kern.;Er führt jeweils eine vollständige VM bis zu deren Herunterfahren aus, bevor die nächste Rechenzeit erhält.;Er überlässt jedem Gast unabhängig von den anderen Gästen die alleinige Auswahl physischer Kerne.;0;Der Hypervisor teilt verfügbare CPU-Zeit zwischen ausführungsbereiten virtuellen CPUs auf. Mehr zugewiesene vCPUs erhöhen die physische Rechenkapazität nicht und können bei Konkurrenz Wartezeiten verursachen.;
betriebssysteme-096;Betriebssysteme;Virtualisierung;medium;Welcher Vorteil von Virtualisierung ist typisch?;Mehrere getrennte Gastbetriebssysteme können dieselbe physische Hardware nutzen.;Gastbetriebssysteme müssen deshalb nicht mehr auf ihre jeweiligen Softwarelizenzen geprüft werden.;Ein Ausfall des gemeinsamen Hosts lässt die darauf laufenden Gastbetriebssysteme unbeeinträchtigt.;Ressourcenengpässe einer VM können dadurch grundsätzlich keine andere VM beeinflussen.;0;Virtualisierung ermöglicht mehrere getrennte Systeme auf derselben physischen Hardware.;
betriebssysteme-097;Betriebssysteme;Virtualisierung;medium;Ein Hypervisor reserviert den konfigurierten RAM beim Start jeder VM und erlaubt keine Speicherüberbelegung. Eine neue VM benötigt mehr RAM, als der Host noch bereitstellen kann. Welche Folge ist zu erwarten?;Der Start der VM wird wegen unzureichenden Arbeitsspeichers abgelehnt.;Die VM startet, weil freier Platz auf ihrer virtuellen Festplatte als reservierter RAM zählt.;Die VM startet, indem sie ohne Rückfrage den reservierten RAM einer anderen laufenden VM übernimmt.;Die VM startet, weil ihre konfigurierte RAM-Größe beim Start automatisch auf den freien Rest reduziert wird.;0;Bei der beschriebenen Reservierungspolitik muss die benötigte RAM-Menge beim Start verfügbar sein. Freier Datenträgerspeicher ersetzt diese Voraussetzung nicht. Andere Hypervisoren oder Konfigurationen können mit Speicherüberbelegung anders umgehen.;
betriebssysteme-098;Betriebssysteme;Systemverwaltung;medium;Ein Update wurde als heruntergeladen gemeldet. Welche Prüfung zeigt am zuverlässigsten, ob die Installation einschließlich eines erforderlichen Neustarts abgeschlossen ist?;Installationsstatus und installierte Version nach einem erforderlichen Neustart prüfen.;Das Vorhandensein der heruntergeladenen Paketdatei als Installationsnachweis verwenden.;Die verfügbare Zielversion im Updatekatalog mit der installierten Version gleichsetzen.;Die erfolgreiche Downloadmeldung ohne Prüfung der weiteren Installationsschritte übernehmen.;0;Ein erfolgreicher Download belegt noch keine Installation. Installationsstatus, installierte Version und gegebenenfalls ein abgeschlossener Neustart liefern dafür die entscheidenden Hinweise.;
betriebssysteme-099;Betriebssysteme;Systemverwaltung;medium;Was ist ein Paketmanager unter Linux?;Ein Werkzeug, das Softwarepakete installiert, aktualisiert und entfernt.;Ein Werkzeug, das die CPU-Zeit zwischen laufenden Programmen verteilt.;Ein Werkzeug, das Quellcode in ausführbare Maschinensprache übersetzt.;Ein Werkzeug, das Dateien anhand ihres Inhalts auf Schadcode untersucht.;0;Paketmanager verwalten Software und deren Abhängigkeiten.;
betriebssysteme-100;Betriebssysteme;Systemverwaltung;medium;Warum ist die Installation von Software über einen Paketmanager oft vorteilhaft?;Abhängigkeiten und verfügbare Aktualisierungen lassen sich gemeinsam verwalten.;Die enthaltenen Programme erhalten bei jedem Start administrative Berechtigungen.;Die installierten Programme verwenden unabhängig vom Paketinhalt denselben Konfigurationspfad.;Die Prüfung der Herkunft heruntergeladener Pakete wird durch die Installation entbehrlich.;0;Paketmanager vereinfachen Installation, Abhängigkeitsverwaltung und Aktualisierung.;
betriebssysteme-101;Betriebssysteme;Windows Grundlagen;medium;Mehrere Programme laufen auf einem Rechner, dem genau ein logischer Prozessor zur Verfügung steht. Wie ermöglicht das Betriebssystem ihre nebenläufige Ausführung?;Es verteilt CPU-Zeit und wechselt zwischen ausführungsbereiten Prozessen.;Es lässt jeden Prozess nach dem Start bis zum vollständigen Ende laufen, bevor ein anderer beginnen darf.;Es bearbeitet die Programme gleichzeitig auf getrennten virtuellen CPU-Kernen ohne zeitliche Aufteilung.;Es führt während einer Ein-/Ausgabe-Wartezeit grundsätzlich keine andere Programminstanz aus.;0;Der Scheduler weist ausführungsbereiten Prozessen abwechselnd CPU-Zeit zu. Bei einem einzigen logischen Prozessor entsteht dadurch Nebenläufigkeit, ohne dass mehrere Prozesse zugleich auf unterschiedlichen logischen Prozessoren laufen.;
betriebssysteme-102;Betriebssysteme;Windows Grundlagen;medium;Warum können Anwendungen im Benutzermodus geschützte Kerneloperationen nicht wie gewöhnliche Speicherzugriffe direkt ausführen?;Die CPU und das Betriebssystem trennen privilegierte Kerneloperationen vom Benutzermodus.;Der Speicherort der ausführbaren Datei bestimmt, ob die CPU ihre Befehle privilegiert ausführt.;Der Scheduler erteilt privilegierte CPU-Rechte automatisch an Prozesse mit hoher Priorität.;Die Menge des reservierten Arbeitsspeichers legt fest, welche Kernelbefehle eine Anwendung nutzen darf.;0;"Prozessormodi und Speicherschutz begrenzen privilegierte Operationen. Anwendungen fordern Kernelservices über definierte Schnittstellen wie Systemaufrufe an; der Kernel prüft dabei Zugriffe.";
betriebssysteme-103;Betriebssysteme;Windows Grundlagen;medium;Welche Eigenschaft ist für eine 64-Bit-Prozessorarchitektur typisch?;Allzweckregister können Werte mit einer Breite von 64 Bit verarbeiten.;Der Prozessor besitzt 64 physische Rechenkerne.;Der Betriebssystem-Scheduler kann bis zu 64 Prozesse verwalten.;Jede Datei wird in Datenblöcken von 64 Byte gespeichert.;0;Die Bezeichnung bezieht sich unter anderem auf 64 Bit breite Allzweckregister und entsprechende Befehle. Sie nennt weder eine Kernzahl noch die tatsächlich implementierte Größe des physischen oder virtuellen Adressraums.;
betriebssysteme-104;Betriebssysteme;Windows Grundlagen;medium;Eine 32-Bit-Anwendung läuft auf einem 64-Bit-Windows. Was folgt daraus für ihren eigenen virtuellen Adressraum?;Die Anwendung bleibt eine 32-Bit-Anwendung mit entsprechend begrenztem virtuellem Adressraum.;Der Betrieb unter 64-Bit-Windows wandelt ihre Speicheradressen automatisch in 64-Bit-Adressen um.;Der virtuelle Adressraum jeder 32-Bit-Anwendung entspricht dann der gesamten physischen RAM-Kapazität.;Die Anwendung teilt sich unter 64-Bit-Windows einen gemeinsamen virtuellen Adressraum mit allen anderen Programmen.;0;Ein 64-Bit-Windows kann geeignete 32-Bit-Anwendungen ausführen, erweitert deren Programmformat aber nicht auf 64 Bit. Der nutzbare virtuelle Adressraum bleibt begrenzt und hängt zusätzlich von Programmeigenschaften und Betriebssystemregeln ab.;
betriebssysteme-105;Betriebssysteme;Windows Grundlagen;medium;Welche Funktion unterstützt Windows 11 Pro im Unterschied zu Windows 11 Home?;Den Beitritt zu einer lokalen Active-Directory-Domäne.;Die Anmeldung mit einem persönlichen Microsoft-Konto.;Die Installation von Anwendungen aus dem Microsoft Store.;Die Verbindung mit einem drahtlosen Netzwerk.;0;Windows 11 Pro unterstützt den Beitritt zu einer lokalen Active-Directory-Domäne und damit die zentrale Verwaltung in dieser Infrastruktur. Die anderen genannten Funktionen stehen auch in Windows 11 Home zur Verfügung.;
betriebssysteme-106;Betriebssysteme;Benutzer und Rechte;medium;Eine Mitarbeiterin liest E-Mails und bearbeitet Dokumente. Welche Kontonutzung setzt das Prinzip der geringsten Rechte sinnvoll um?;Ein Standardkonto für die tägliche Arbeit und gezielte Rechteerhöhung für Verwaltungsaufgaben.;Ein Administratorkonto für die tägliche Arbeit und ein Standardkonto für Installationen.;Ein gemeinsam genutztes Administratorkonto für sämtliche Beschäftigten.;Ein Gastkonto für Verwaltungsaufgaben und ein Administratorkonto zum Lesen von E-Mails.;0;"Alltagsprogramme benötigen in der Regel keine administrativen Rechte. Ein Standardkonto begrenzt ihren Handlungsspielraum; notwendige Verwaltungsaufgaben werden getrennt und kontrolliert erhöht ausgeführt.";
betriebssysteme-107;Betriebssysteme;Benutzer und Rechte;medium;Eine Standardbenutzerin startet unter Windows eine administrative Aufgabe. Die UAC-Richtlinie sieht dafür eine Anmeldeinformationsabfrage vor. Was muss sie bereitstellen?;Gültige Anmeldeinformationen eines berechtigten Administratorkontos.;Eine zusätzliche Bestätigung mit dem Kennwort ihres unveränderten Standardkontos.;Die Anmeldeinformationen eines Domänenkontos ohne administrative Rechte auf diesem Rechner.;Die Zustimmung eines beliebigen anderen angemeldeten Standardbenutzers.;0;"Bei einer UAC-Anmeldeinformationsabfrage werden die Anmeldeinformationen eines berechtigten Administratorkontos benötigt. Das unterscheidet sich von einer reinen Zustimmungsabfrage für ein Administratorkonto; Richtlinien können das Verhalten ändern.";
betriebssysteme-108;Betriebssysteme;Benutzer und Rechte;medium;Eine Anwendung ist systemweit installiert und für Standardbenutzer freigegeben. Welche Aussage zur Nutzung durch ein Standardkonto trifft zu?;Das Konto kann die Anwendung nutzen, ohne dadurch administrative Systemrechte zu erhalten.;Das Konto erhält beim Start der Anwendung automatisch die Rechte des Installierenden.;Das Konto muss zum Start jeder systemweit installierten Anwendung in die Administratorgruppe wechseln.;Das Konto kann die Anwendung nutzen, erhält dabei aber automatisch Schreibrechte auf deren geschützten Installationsordner.;0;Installation und spätere Ausführung sind unterschiedliche Vorgänge. Eine für Standardbenutzer geeignete Anwendung kann mit deren normalen Rechten laufen, auch wenn ihre systemweite Installation administrative Rechte erforderte.;
betriebssysteme-109;Betriebssysteme;Benutzer und Rechte;medium;Was ist eine lokale Benutzergruppe in Windows?;Eine Sammlung von Konten, der Rechte und Berechtigungen gemeinsam zugewiesen werden können.;Eine Sammlung von Benutzerprofilen, die sich ein gemeinsames Anmeldekennwort teilen.;Eine Sammlung laufender Prozesse, die denselben Arbeitsspeicherbereich verwenden.;Eine Sammlung von Rechnern, die ihre Konten über einen Domänencontroller verwalten.;0;Lokale Gruppen bündeln Konten für die Vergabe von Rechten auf einem Rechner. Mitglieder können daneben weitere individuelle Rechte oder Gruppenmitgliedschaften besitzen.;
betriebssysteme-110;Betriebssysteme;Benutzer und Rechte;medium;Welcher Vorteil entsteht durch Gruppen statt Einzelberechtigungen?;Berechtigungen lassen sich zentraler und konsistenter verwalten;Benutzer benötigen dadurch keine Anmeldung mehr;Dateien werden automatisch doppelt gespeichert;Alle Benutzer erhalten automatisch Administratorrechte;0;Gruppen reduzieren Verwaltungsaufwand und Inkonsistenzen bei vielen Benutzern.;
betriebssysteme-111;Betriebssysteme;Benutzer und Rechte;medium;Ein Dienst soll Protokolldateien in einem festgelegten Ordner anlegen. Welche Berechtigungsvergabe entspricht Least Privilege?;Dem Dienstkonto die benötigten Schreibrechte für diesen Ordner gewähren.;Das Dienstkonto für diese Aufgabe zur lokalen Administratorgruppe hinzufügen.;Allen lokalen Benutzern Vollzugriff auf den Protokollordner gewähren.;Dem Dienstkonto Schreibrechte auf sämtliche Benutzerprofile gewähren.;0;Die Rechte sollten auf die tatsächlich benötigten Ressourcen und Aktionen begrenzt werden. Für das Schreiben in einen Protokollordner sind keine pauschalen Administratorrechte oder Zugriffe auf fremde Profile erforderlich.;
betriebssysteme-112;Betriebssysteme;Dateisysteme;medium;Eine NTFS-Datei wird innerhalb desselben Volumes umbenannt. Was geschieht typischerweise mit ihrem Inhalt?;"Der Inhalt bleibt bestehen; geändert wird die Zuordnung des Dateinamens.";Die Nutzdaten werden abhängig von der neuen Dateiendung in ein anderes Datenformat konvertiert.;"Die Nutzdaten werden vollständig in eine zweite Datei kopiert; die bisherige Datei bleibt erhalten.";"Die Nutzdaten werden gelöscht; der neue Dateiname bezeichnet zunächst eine leere Datei.";0;"Eine Umbenennung ändert den Namen beziehungsweise den Verzeichniseintrag der bestehenden Datei. Sie konvertiert den Dateiinhalt nicht; auch eine andere Dateiendung ändert das Datenformat nicht.";
betriebssysteme-113;Betriebssysteme;Dateisysteme;medium;Welche Funktion unterstützt NTFS im Unterschied zu FAT32 direkt im Dateisystem?;Zugriffssteuerungslisten für einzelne Dateien und Verzeichnisse.;Die Organisation von Dateien in einer Verzeichnishierarchie.;Die Speicherung von Dateinamen und Änderungszeitpunkten.;Die Verwaltung von belegten und freien Speicherbereichen.;0;"NTFS unterstützt Zugriffssteuerungslisten, mit denen Zugriffe für Benutzer und Gruppen festgelegt werden. FAT32 bietet keine entsprechende dateisystemeigene ACL-Verwaltung; grundlegende Verzeichnisse und Metadaten unterstützen beide.";
betriebssysteme-114;Betriebssysteme;Dateisysteme;medium;Was bedeutet die Vererbung von NTFS-Berechtigungen bei einem Unterordner?;Er kann als vererbbar markierte Berechtigungseinträge seines übergeordneten Ordners übernehmen.;Er ersetzt die Berechtigungen des übergeordneten Ordners durch seine eigenen expliziten Einträge.;Er übernimmt automatisch alle Rechte des Benutzers, der den Ordner zuletzt geöffnet hat.;Er erhält dieselben Rechte wie jeder andere Ordner mit demselben Namen auf einem anderen Volume.;0;Bei aktivierter Vererbung können passende Berechtigungseinträge vom übergeordneten Objekt übernommen werden. Explizite Einträge und Änderungen der Vererbung sind davon zu unterscheiden.;
betriebssysteme-115;Betriebssysteme;Dateisysteme;medium;Ein Benutzer gehört zu zwei Gruppen. Auf derselben NTFS-Datei erlaubt eine Gruppe Lesen und die andere Schreiben. Es gibt keine Verweigerungen oder weiteren Einschränkungen. Welche dieser Rechte erhält der Benutzer?;Lesen und Schreiben werden gemeinsam gewährt.;Es gilt Lesen, weil die geringere Berechtigung entscheidet.;Es gilt Schreiben, weil die zuletzt genannte Gruppe entscheidet.;Beide Berechtigungen werden wegen der unterschiedlichen Gruppen aufgehoben.;0;Erlaubte NTFS-Rechte aus passenden Benutzer- und Gruppeneinträgen können sich ergänzen. Ohne entgegenstehende Verweigerungen erhält der Benutzer hier Lesen und Schreiben. Das ist von der zusätzlichen Begrenzung durch SMB-Freigaberechte zu unterscheiden.;
betriebssysteme-116;Betriebssysteme;Dateisysteme;medium;Welche Operationen umfasst die NTFS-Standardberechtigung Ändern auf einer regulären Datei typischerweise?;Den Inhalt lesen, schreiben und die Datei löschen.;Den Inhalt lesen und die Zugriffsberechtigungen beliebig ändern.;Den Inhalt lesen und den Besitz der Datei übernehmen.;Den Inhalt ausführen und die Zugriffsrechte anderer Benutzer verwalten.;0;Ändern umfasst unter anderem Lesen, Schreiben, Ausführen und Löschen. Das Ändern von Berechtigungen oder die Übernahme des Besitzes gehört nicht automatisch dazu und unterscheidet Ändern von Vollzugriff.;
betriebssysteme-117;Betriebssysteme;Dateisysteme;hard;In einer NTFS-Zugriffsliste stehen explizite Verweigerungen vor expliziten Erlaubnissen. Für denselben Benutzer wird Schreiben ausdrücklich verweigert und auch ausdrücklich erlaubt. Wie endet eine gewöhnliche Prüfung dieses Schreibzugriffs?;"Schreiben wird verweigert; der passende Verweigerungseintrag greift zuerst.";"Schreiben wird erlaubt; die Erlaubnis hebt die Verweigerung auf.";"Schreiben wird erlaubt; widersprüchliche Einträge werden bei der Prüfung ignoriert.";"Schreiben wird erlaubt; beide Einträge werden zu erweiterten Rechten zusammengeführt.";0;Bei der beschriebenen Reihenfolge entscheidet die passende explizite Verweigerung über den angeforderten Schreibzugriff. Daraus folgt keine pauschale Regel für alle Kombinationen aus expliziten und geerbten Einträgen.;
betriebssysteme-118;Betriebssysteme;Dateisysteme;medium;Was bietet das NTFS-Journal im Unterschied zu einer versionierten Dateisicherung?;Unterstützung für konsistente Dateisystemstrukturen, aber kein vollständiges Archiv früherer Dateiinhalte.;Eine vollständige Historie der Dateiinhalte, aber keine Informationen über Dateisystemänderungen.;Eine unabhängige Kopie der Dateien auf einem zweiten Datenträger, aber keine lokale Protokollierung.;Eine dauerhafte Ablage gelöschter Benutzerdateien, aber keine Hilfe nach einem Systemabsturz.;0;Das Journal unterstützt konsistente Dateisystemstrukturen, ist aber keine vollständige Sicherung früherer Dateiinhalte. Für die Wiederherstellung versehentlich gelöschter Daten sind geeignete Sicherungen oder andere Wiederherstellungsmechanismen erforderlich.;
betriebssysteme-119;Betriebssysteme;Datenträgerverwaltung;medium;Wozu dient die Windows-Datenträgerverwaltung?;Partitionen und Volumes erstellen, formatieren und Laufwerksbuchstaben zuordnen.;Verzeichnisse nach Dateitypen durchsuchen und Dateien zwischen Ordnern verschieben.;Regelmäßige Sicherungsaufträge planen und frühere Dateiversionen wiederherstellen.;Zugriffsrechte für Benutzergruppen auf Netzwerkfreigaben konfigurieren.;0;Die Datenträgerverwaltung dient unter anderem zum Erstellen, Formatieren und Verwalten von Volumes.;
betriebssysteme-120;Betriebssysteme;Datenträgerverwaltung;medium;Was ist ein Laufwerksbuchstabe unter Windows?;Eine logische Zuordnung wie C: für den Zugriff auf ein Volume oder Laufwerk.;Die vom Hersteller festgelegte Seriennummer des physischen Datenträgers.;Der im Dateisystem gespeicherte Name einer einzelnen Datei.;Die Kennung eines Benutzerkontos, dem der Datenträger gehört.;0;Windows verwendet Laufwerksbuchstaben wie C: oder D: zur Adressierung von Volumes.;
betriebssysteme-121;Betriebssysteme;Datenträgerverwaltung;medium;Was lässt sich aus einer Schnellformatierung eines zuvor verwendeten Volumes nicht zuverlässig ableiten?;Dass sämtliche früheren Nutzdaten unwiederbringlich überschrieben wurden.;Dass neue Dateisystemstrukturen für die Dateiverwaltung eingerichtet wurden.;Dass das Volume nach erfolgreichem Abschluss als neues Dateisystem genutzt werden kann.;Dass frühere Dateien nicht mehr über die bisherige Verzeichnisstruktur erreichbar sind.;0;"Eine Schnellformatierung richtet die Dateisystemverwaltung neu ein, überschreibt aber nicht zuverlässig alle früheren Nutzdaten. Sie ist deshalb kein allgemeiner Nachweis einer sicheren Datenvernichtung; Datenträgertyp und weitere Mechanismen können die Wiederherstellbarkeit beeinflussen.";
betriebssysteme-122;Betriebssysteme;Datenträgerverwaltung;medium;Was ist eine Partition?;Ein durch Partitionseinträge abgegrenzter Bereich eines Datenträgers.;Ein Verzeichnis mit einem eigenen Namen innerhalb eines Dateisystems.;Ein einzelner Datenblock, den ein Dateisystem einer Datei zuordnet.;Ein gespeichertes Abbild des Arbeitsspeichers für den Ruhezustand.;0;Partitionen unterteilen einen physischen oder virtuellen Datenträger in logische Bereiche.;
betriebssysteme-123;Betriebssysteme;Datenträgerverwaltung;medium;Ein fabrikneuer, leerer Datenträger wird in der Windows-Datenträgerverwaltung als nicht zugeordnet angezeigt. Warum erscheint noch kein nutzbares Laufwerk im Explorer?;Es wurde noch kein nutzbares Volume mit einer passenden Einbindung eingerichtet.;Der Datenträger enthält bereits ein nutzbares Volume, das durch einen Laufwerksbuchstabenkonflikt verdeckt wird.;Der Datenträger enthält bereits ein nutzbares Volume, dessen NTFS-Rechte die Anzeige im Explorer verhindern.;Der Datenträger enthält bereits ein nutzbares Volume, das ausschließlich für SMB-Zugriffe eingerichtet wurde.;0;Nicht zugeordneter Speicher gehört noch keinem Volume. Auf dem beschriebenen leeren Datenträger muss ein Volume eingerichtet, mit einem unterstützten Dateisystem formatiert und beispielsweise über einen Laufwerksbuchstaben eingebunden werden.;
betriebssysteme-124;Betriebssysteme;Prozesse;medium;Was ist ein Prozess?;Eine gestartete Programminstanz mit Ausführungszustand und zugeordneten Ressourcen.;Eine ausführbare Programmdatei, die noch nicht gestartet wurde.;Ein einzelner Ausführungsstrang innerhalb einer Programminstanz.;Ein Zeitabschnitt, für den der Scheduler einer Aufgabe die CPU zuteilt.;0;Ein Prozess repräsentiert ein aktuell ausgeführtes Programm mit zugewiesenen Ressourcen.;
betriebssysteme-125;Betriebssysteme;Prozesse;medium;Ein Prozessname erscheint mehrfach im Task-Manager. Welche Angabe unterscheidet die gleichzeitig laufenden Prozessinstanzen eindeutig?;Die Prozess-ID (PID).;Der Name der ausführbaren Datei.;Das Installationsverzeichnis der Anwendung.;Der Name des angemeldeten Benutzers.;0;"Jeder gleichzeitig bestehende Prozess besitzt eine eigene Prozess-ID. Namen, Pfade und Benutzer können bei mehreren Instanzen gleich sein; PIDs können nach dem Ende eines Prozesses später wiederverwendet werden.";
betriebssysteme-126;Betriebssysteme;Prozesse;medium;Was bedeutet eine hohe CPU-Auslastung im Task-Manager?;Ein großer Anteil der verfügbaren CPU-Zeit wird für Verarbeitung genutzt.;Ein großer Anteil der installierten Anwendungen wird gerade von der SSD gelesen.;Ein großer Anteil des physischen RAMs wurde bereits dauerhaft reserviert.;Ein großer Anteil der Netzwerkbandbreite wird für den Prozess reserviert.;0;"Hohe CPU-Auslastung zeigt, dass viel verfügbare Rechenzeit genutzt wird. Bei rechenintensiven Aufgaben kann das normal sein; für eine Diagnose sind Dauer, betroffene Prozesse und die tatsächlich wahrgenommene Störung entscheidend.";
betriebssysteme-127;Betriebssysteme;Prozesse;medium;Was zeigt im Windows-Task-Manager die Anzeige des verwendeten Arbeitsspeichers im Bereich Leistung?;Wie viel physischer RAM aktuell genutzt wird.;Wie viel freier Speicherplatz auf dem Systemlaufwerk vorhanden ist.;Wie groß die Summe der ausführbaren Programmdateien auf dem Datenträger ist.;Wie groß der von allen Prozessen reservierte virtuelle Adressraum insgesamt ist.;0;Die RAM-Auslastung zeigt die aktuelle Nutzung des physischen Arbeitsspeichers.;
betriebssysteme-128;Betriebssysteme;Prozesse;medium;Eine Anwendung reagiert dauerhaft nicht mehr und lässt sich über ihre Oberfläche nicht schließen. Welche Maßnahme kann als letzter Schritt sinnvoll sein?;Den betroffenen Prozess im Task-Manager beenden und möglichen Datenverlust berücksichtigen.;Die Priorität des Prozesses erhöhen, damit er ungespeicherte Daten automatisch sichert.;Die Programmdatei auf dem Datenträger umbenennen, damit alle offenen Dateien geschlossen werden.;Ein zweites Fenster der Anwendung öffnen, damit das erste Fenster geordnet beendet wird.;0;"Ein erzwungenes Prozessende kann eine nicht reagierende Anwendung schließen. Es garantiert jedoch keine Ausführung ihrer Aufräum- oder Speicherroutinen; ungespeicherte Änderungen können verloren gehen.";
betriebssysteme-129;Betriebssysteme;Prozesse;medium;Welche Gefahr besteht beim Beenden eines unbekannten Systemprozesses?;Abhängige Systemfunktionen können ausfallen oder Windows kann instabil werden.;Die zugehörige Programmdatei wird automatisch aus dem Systemverzeichnis entfernt.;Die gespeicherten Einstellungen aller Benutzer werden auf Standardwerte zurückgesetzt.;Die installierten Sicherheitsupdates des Prozesses werden automatisch deinstalliert.;0;"Systemprozesse erfüllen wichtige Aufgaben; unüberlegtes Beenden kann Instabilität verursachen.";
betriebssysteme-130;Betriebssysteme;Dienste;medium;Was ist ein Windows-Dienst?;Eine vom Service Control Manager verwaltete Komponente für Hintergrundaufgaben.;Ein bei der Benutzeranmeldung geöffnetes Fenster einer Desktopanwendung.;Eine zeitgesteuerte Aufgabe, die ausschließlich durch die Aufgabenplanung verwaltet wird.;Ein Benutzerprofil, das Einstellungen für mehrere Anwendungen zusammenfasst.;0;"Windows-Dienste werden vom Service Control Manager verwaltet und arbeiten häufig ohne direkte Benutzeroberfläche. Ein Prozess kann einen oder mehrere Dienste beherbergen; ein Dienst ist daher nicht mit einem eigenen Prozess gleichzusetzen.";
betriebssysteme-131;Betriebssysteme;Dienste;medium;Welche Startart sieht den regulären Start eines Windows-Dienstes beim Systemstart ohne verzögerten automatischen Start vor?;Automatisch;Automatisch (Verzögerter Start);Manuell;Deaktiviert;0;Automatisch startet den Dienst im Rahmen des Systemstarts. Automatisch (Verzögerter Start) verschiebt den Start auf eine spätere Phase. Manuell erfordert eine Startanforderung, während Deaktiviert einen Start bis zur Änderung dieser Einstellung verhindert.;
betriebssysteme-132;Betriebssysteme;Dienste;medium;Was bedeutet die Startart 'Manuell' bei einem Dienst?;Er kann durch eine Startanforderung gestartet werden, etwa durch einen Benutzer oder ein Programm.;Er wird vom Service Control Manager regulär bei jedem Systemstart automatisch gestartet.;Er wird beim Systemstart automatisch nach einer zusätzlichen Verzögerung gestartet.;Er ist für Startanforderungen gesperrt, bis seine Startart geändert wird.;0;"Manuell entspricht einem Start bei Bedarf. Eine Anforderung kann von einem Benutzer, einem Programm oder einer abhängigen Komponente kommen; bei entsprechend konfigurierten Diensten sind auch Trigger möglich. Manuell bedeutet nicht, dass ausschließlich ein Mensch den Dienst starten kann.";
betriebssysteme-133;Betriebssysteme;Dienste;medium;Warum sollte man unbekannte Windows-Dienste nicht wahllos deaktivieren?;Abhängige Dienste oder Anwendungen können dadurch ihre Funktion verlieren.;Die Dienstdateien werden beim Deaktivieren aus dem Systemverzeichnis gelöscht.;Die Konfiguration sämtlicher Dienste wird beim Deaktivieren auf Standardwerte gesetzt.;Die zum Dienst gehörende Anwendung wird beim nächsten Start neu installiert.;0;Viele Dienste haben Abhängigkeiten und erfüllen zentrale Systemaufgaben.;
betriebssysteme-134;Betriebssysteme;Dienste;medium;Was beschreibt eine Dienstabhängigkeit?;Ein Dienst benötigt einen anderen Dienst, der deshalb zuerst gestartet werden muss.;Zwei Dienste verwenden denselben Anzeigenamen in der Diensteverwaltung.;Zwei Dienste speichern ihre ausführbaren Dateien im selben Verzeichnis.;Ein Dienst wurde zusammen mit einem anderen Dienst am selben Tag installiert.;0;Windows-Dienste können voneinander abhängig sein und in bestimmter Reihenfolge benötigt werden.;
betriebssysteme-135;Betriebssysteme;Autostart;medium;Was ist ein Autostartprogramm?;Eine Anwendung, deren Start durch Systemstart oder Benutzeranmeldung ausgelöst wird.;Eine Anwendung, die vom Benutzer bei jedem Start mit erhöhten Rechten aufgerufen wird.;Eine Anwendung, die beim Öffnen eines zugeordneten Dateityps durch den Benutzer startet.;Eine Anwendung, die zur Ausführung von einem Installationsmedium aufgerufen werden muss.;0;Autostartprogramme werden automatisch beim Systemstart oder der Benutzeranmeldung geladen.;
betriebssysteme-136;Betriebssysteme;Autostart;medium;Wo können Autostartprogramme unter Windows einfach geprüft werden?;Im Task-Manager im Bereich für Autostart-Apps.;In der Datenträgerverwaltung in der Liste der Volumes.;Im Geräte-Manager in den Eigenschaften der Netzwerkadapter.;In der Ereignisanzeige in den Eigenschaften des Sicherheitsprotokolls.;0;Der Task-Manager zeigt viele Anwendungen an, die bei der Benutzeranmeldung starten, und erlaubt deren Deaktivierung. Er ist keine vollständige Übersicht über alle Startmechanismen, etwa Dienste und geplante Aufgaben.;
betriebssysteme-137;Betriebssysteme;Autostart;medium;Warum kann das Deaktivieren unnötiger Autostartprogramme sinnvoll sein?;Die Anmeldung kann schneller ablaufen, und weniger automatisch gestartete Programme können Ressourcen beanspruchen.;Die Programme werden dadurch vom Datenträger entfernt und geben ihren Installationsplatz frei.;Die Programme verlieren dadurch ihre Berechtigungen für einen späteren manuellen Start.;Die Programme werden dadurch bei jeder Ausführung mit niedrigerer Prozesspriorität gestartet.;0;Weniger unnötige Hintergrundprogramme können Start und Ressourcennutzung verbessern.;
betriebssysteme-138;Betriebssysteme;Treiber;medium;Welche Aufgabe hat ein Gerätetreiber?;Er setzt Geräteanforderungen des Betriebssystems in passende gerätespezifische Operationen um.;Er wählt vor dem Systemstart das zu ladende Betriebssystem aus.;Er verwaltet die Reihenfolge, in der Benutzerprogramme CPU-Zeit erhalten.;Er legt die Zugriffsrechte von Benutzern auf gespeicherte Dokumente fest.;0;Treiber stellen die Softwareschnittstelle zwischen Betriebssystem und Gerät bereit.;
betriebssysteme-139;Betriebssysteme;Treiber;medium;Ein Gerät funktioniert seit einer Treiberänderung nicht mehr. Welche Information aus dem Geräte-Manager hilft, die installierte Treiberversion zu dokumentieren?;Anbieter, Datum und Versionsnummer auf der Registerkarte Treiber.;Hardware-IDs und kompatible IDs auf der Registerkarte Details.;Interrupt- und Speicherbereiche auf der Registerkarte Ressourcen.;Die allgemeine Statusmeldung auf der Registerkarte Allgemein.;0;"Die Treibereigenschaften liefern unter anderem Anbieter, Datum und Versionsnummer. Diese Angaben helfen beim Vergleich mit einer zuvor funktionierenden Version; das Datum allein beweist nicht, wann der Treiber installiert wurde.";
betriebssysteme-140;Betriebssysteme;Treiber;medium;Was kann ein gelbes Warnsymbol im Geräte-Manager bedeuten?;Windows meldet ein Problem mit dem Gerät oder seinem Treiber.;Windows kennzeichnet das Gerät als optional und momentan unbenutzt.;Windows zeigt eine verfügbare neuere Treiberversion für das Gerät an.;Windows bestätigt, dass der Treiber erfolgreich geladen wurde und das Gerät betriebsbereit ist.;0;"Ein gelbes Warnsymbol weist auf einen gemeldeten Gerätefehler hin. In den Geräteeigenschaften liefern Gerätestatus und Fehlercode nähere Hinweise; das Symbol allein nennt noch nicht die Ursache.";
betriebssysteme-141;Betriebssysteme;Treiber;medium;Nach einer Betriebssystemaktualisierung tritt ein dokumentierter Fehler im Grafiktreiber auf. Wozu kann ein passendes Treiberupdate dienen?;Den Softwarefehler beheben und die Zusammenarbeit mit dem Betriebssystem verbessern.;Die aktuelle Betriebssystemversion ohne gesonderte Wiederherstellung zurücksetzen.;Die Einstellungen aller Grafikprogramme auf dieselbe Konfiguration vereinheitlichen.;Die Mindestanforderungen der installierten Programme nachträglich herabsetzen.;0;Treiberupdates können Fehler beheben und Unterstützung für Hardware oder Software verbessern.;
betriebssysteme-142;Betriebssysteme;Treiber;hard;Was ist ein möglicher Grund, einen neuen Treiber wieder zurückzusetzen?;Der neue Treiber verursacht Instabilität oder Funktionsprobleme;Der neue Treiber verwendet denselben Gerätenamen;Der neue Treiber wurde digital signiert;Der neue Treiber besitzt eine neuere Versionsnummer;0;Bei Problemen kann ein zuvor funktionierender Treiber eine sinnvolle Rückfalloption sein.;
betriebssysteme-143;Betriebssysteme;Windows Update;medium;Zwei gleich wichtige Server haben dieselbe Sicherheitslücke. Der betroffene Dienst ist bei einem Server aus dem Internet erreichbar, beim anderen gegen die relevanten Angriffswege isoliert. Was spricht dafür, den erreichbaren Server zuerst zu patchen?;Angreifer können den verwundbaren Dienst unmittelbar erreichen.;Eine Internetverbindung senkt die Wahrscheinlichkeit von Installationsfehlern.;Ein isolierter Server benötigt auch nach Aufhebung der Isolation keine Korrektur.;Die Erreichbarkeit ersetzt die Prüfung, ob das Update zum Betriebssystem passt.;0;Für die Priorisierung zählen unter anderem Betroffenheit, Ausnutzbarkeit und Exposition der verwundbaren Komponente sowie die Bedeutung des Systems. Ein vorhandenes Update muss mit angemessener Dringlichkeit geprüft und ausgerollt werden.;
betriebssysteme-144;Betriebssysteme;Windows Update;medium;Warum sollten Updates in Unternehmen geplant ausgerollt werden?;Tests und gestufte Verteilung helfen, Kompatibilitätsprobleme und Ausfälle früh zu erkennen.;Ein fester Zeitplan macht die Prüfung der tatsächlich installierten Updateversion entbehrlich.;Eine gleichzeitige Installation auf allen Geräten ersetzt den Test geschäftskritischer Anwendungen.;Ein Rolloutplan stellt fehlgeschlagene Installationen ohne weitere Maßnahmen automatisch wieder her.;0;Geplante Rollouts reduzieren Risiken und erlauben Tests vor breiter Verteilung.;
betriebssysteme-145;Betriebssysteme;Windows Update;medium;Was ist ein Funktionsupdate?;Ein Update, das neue oder wesentlich geänderte Betriebssystemfunktionen bereitstellt.;Ein Update, das ausschließlich aktuelle Erkennungsdaten für den Virenschutz bereitstellt.;Ein Paket, das den Gerätetreiber einer bestimmten Hardwarekomponente ersetzt.;Eine Sicherung, die ausgewählte Systemeinstellungen auf einem Datenträger ablegt.;0;Funktionsupdates verändern typischerweise größere Teile des Betriebssystems.;
betriebssysteme-146;Betriebssysteme;Windows Update;medium;Warum kann ein Neustart nach einem Windows-Update erforderlich sein?;Bestimmte Systemdateien können erst beim Neustart ersetzt werden;Der Monitor muss danach neu kalibriert werden;Die SSD muss dadurch neu partitioniert werden;Alle Benutzerkonten müssen neu angelegt werden;0;In Benutzung befindliche Systemkomponenten können oft erst während eines Neustarts aktualisiert werden.;
betriebssysteme-147;Betriebssysteme;Ereignisanzeige;medium;Ein Anwendungsabsturz soll in der Windows-Ereignisanzeige untersucht werden. In welchem Windows-Protokoll sind entsprechende Anwendungsmeldungen typischerweise zu suchen?;Anwendung;Sicherheit;Setup;Weitergeleitete Ereignisse;0;"Das Protokoll Anwendung enthält Meldungen von Anwendungen und zugehörigen Komponenten. Abhängig vom Programm können zusätzlich eigene Protokolle vorhanden sein; Sicherheits- oder Installationsprotokolle verfolgen andere Schwerpunkte.";
betriebssysteme-148;Betriebssysteme;Ereignisanzeige;medium;Warum ist ein Zeitstempel in einem Ereignisprotokoll hilfreich?;Ereignisse lassen sich mit Änderungen und Störungen im selben Zeitraum abgleichen.;Ein Zeitstempel weist unabhängig vom Inhalt die eigentliche Fehlerursache nach.;Ein Zeitstempel bestätigt, dass eine gemeldete Störung bereits behoben wurde.;Ein Zeitstempel ersetzt die Prüfung, welcher Dienst das Ereignis gemeldet hat.;0;Zeitliche Zusammenhänge helfen bei der Ursachenanalyse.;
betriebssysteme-149;Betriebssysteme;Ereignisanzeige;medium;Was ist bei der Fehlersuche mit der Ereignisanzeige sinnvoll?;Zeitpunkt, Quelle und Inhalt passender Ereignisse mit dem beobachteten Fehler vergleichen.;Das jüngste Ereignis mit dem höchsten Schweregrad ohne weiteren Kontext als Ursache festlegen.;Die Anzahl aller Warnungen als unmittelbares Maß für einen Hardwaredefekt verwenden.;Ein erfolgreiches Ereignis nach dem Fehler als ausreichenden Nachweis der Behebung ansehen.;0;Kontext, Zeitpunkt und Quelle eines Ereignisses sind wichtig für die Diagnose.;
betriebssysteme-150;Betriebssysteme;Windows Netzwerk;medium;ipconfig /all zeigt für einen Windows-Adapter DHCP aktiviert: Nein. Seine IPv4-Adresse wurde manuell eingetragen. Warum kann ipconfig /renew diese Adresse nicht als DHCP-Lease erneuern?;Der Adapter verwendet für diese IPv4-Konfiguration keine DHCP-Lease.;Eine DHCP-Lease kann erst nach Ablauf ihrer gesamten Gültigkeitsdauer erneuert werden.;Vor jeder DHCP-Erneuerung muss der Rechner seine physische Adapteradresse ändern.;Die Erneuerung einer DHCP-Lease setzt das erfolgreiche Leeren des DNS-Caches voraus.;0;"ipconfig /renew erneuert DHCP-Konfigurationen. Eine manuell eingetragene IPv4-Adresse ist keine DHCP-Lease; für eine automatische Zuweisung müsste der Adapter entsprechend auf DHCP umgestellt werden.";
betriebssysteme-151;Betriebssysteme;Windows Netzwerk;medium;Welche Angaben zeigt ipconfig /all unter Windows zusätzlich zur grundlegenden Ausgabe von ipconfig?;Unter anderem physische Adapteradressen, DHCP-Status und konfigurierte DNS-Server.;Unter anderem aktive TCP-Verbindungen, Prozess-IDs und lauschende Ports.;Unter anderem Router entlang eines Pfads und die Laufzeit zu jedem Hop.;Unter anderem Dateifreigaben, deren Besitzer und die zugewiesenen NTFS-Rechte.;0;ipconfig /all zeigt unter anderem MAC-Adresse, DHCP- und DNS-Informationen.;
betriebssysteme-152;Betriebssysteme;Windows Netzwerk;medium;Eine direkte HTTPS-Verbindung zu einem Server funktioniert, ping auf dieselbe IP-Adresse erhält jedoch keine Antwort. Welche Erklärung ist plausibel?;ICMP-Echo-Anfragen oder ihre Antworten werden gefiltert, während HTTPS erlaubt ist.;Der erfolgreiche HTTPS-Zugriff bedeutet, dass der Server auch jede ICMP-Echo-Anfrage beantworten muss.;Ein Server benötigt für ICMP grundsätzlich eine andere Ziel-IP-Adresse als für HTTPS.;Ein fehlendes ICMP-Echo beweist, dass auch die beobachtete HTTPS-Verbindung keine Daten übertragen konnte.;0;ICMP-Echo und HTTPS sind unterschiedliche Arten von Netzwerkverkehr und können unterschiedlich gefiltert werden. Ein fehlendes Echo allein beweist daher nicht, dass ein Host oder sein Webdienst unerreichbar ist.;
betriebssysteme-153;Betriebssysteme;Windows Netzwerk;medium;Was prüft 'ping 127.0.0.1' hauptsächlich?;Die lokale IPv4-Verarbeitung über die Loopback-Schnittstelle.;Die Verbindung zwischen Netzwerkkarte und lokalem Standardgateway.;Die Erreichbarkeit eines konfigurierten DNS-Servers.;Die Weiterleitung durch den Router in ein entferntes Netz.;0;127.0.0.1 ist eine IPv4-Loopback-Adresse. Ein erfolgreicher ping darauf prüft lokale IP-Verarbeitung, aber weder das Netzwerkkabel noch den Weg zum Router oder ins Internet.;
betriebssysteme-154;Betriebssysteme;Windows Netzwerk;medium;In einer Windows-tracert-Ausgabe erscheinen bei einem Hop Sternchen, spätere Hops antworten jedoch. Was lässt sich daraus ableiten?;Für diesen Hop kam innerhalb der Wartezeit keine passende Antwort zurück.;Der gesamte Pfad zum Ziel ist ab diesem Hop nachweislich unterbrochen.;Der Zielrechner hat für alle Protokolle die Verbindung zum Absender gesperrt.;Der lokale DNS-Resolver hat die IP-Adresse dieses Routers aus seinem Cache gelöscht.;0;"Sternchen kennzeichnen ausgebliebene Antworten innerhalb der Wartezeit. Ein Router kann Diagnoseantworten filtern oder begrenzen und trotzdem Nutzverkehr weiterleiten; spätere Antworten sprechen gegen einen vollständigen Abbruch an diesem Hop.";
betriebssysteme-155;Betriebssysteme;Windows Netzwerk;medium;Wozu dient nslookup?;DNS-Einträge bei einem DNS-Server abfragen.;Die lokale IPv4-Routingtabelle anzeigen.;Aktive TCP-Verbindungen und lauschende Ports auflisten.;Die gespeicherten IPv4-zu-MAC-Zuordnungen anzeigen.;0;nslookup fragt DNS-Informationen ab und hilft bei der Analyse der Namensauflösung.;
betriebssysteme-156;Betriebssysteme;Windows Netzwerk;medium;Was zeigt der Befehl hostname?;Den Namen des lokalen Rechners.;Den Namen des angemeldeten Benutzerkontos.;Den Namen des konfigurierten DNS-Servers.;Den Namen der Windows-Arbeitsgruppe.;0;hostname gibt den Computernamen des lokalen Systems aus.;
betriebssysteme-157;Betriebssysteme;Windows Netzwerk;medium;"Ein Windows-PC besitzt zwei aktive DHCP-Adapter namens Ethernet und WLAN. Die DHCP-Konfiguration von Ethernet soll freigegeben werden; die Konfiguration von WLAN soll unverändert bleiben. Welcher Befehl passt?";"ipconfig /release ""Ethernet""";"ipconfig /renew ""Ethernet""";ipconfig /release;ipconfig /flushdns;0;"Ein Adaptername begrenzt /release auf die passende Schnittstelle. Ohne Adapterangabe richtet sich /release an alle passenden DHCP-Adapter; /renew erneuert Konfigurationen und /flushdns betrifft den Resolver-Cache.";
betriebssysteme-158;Betriebssysteme;Windows Netzwerk;medium;Nach ipconfig /renew besitzt ein DHCP-Client wieder dieselbe IPv4-Adresse. Welche Aussage ist korrekt?;Eine erfolgreiche Lease-Erneuerung kann dieselbe Adresse beibehalten.;Der Befehl ist fehlgeschlagen, weil jede Erneuerung die Adresse ändern muss.;Der Client hat dadurch automatisch auf eine statische Adresskonfiguration gewechselt.;Der DNS-Server hat die bisherige DHCP-Adresse unabhängig vom DHCP-Server reserviert.;0;"Die Erneuerung einer DHCP-Lease erzwingt keinen Adresswechsel. Der Server kann die bisherige Adresse weiter bestätigen; Erfolg und Gültigkeit müssen anhand der Konfiguration und Lease-Informationen beurteilt werden.";
betriebssysteme-159;Betriebssysteme;Windows Netzwerk;hard;ping auf die bekannte IPv4-Adresse eines Servers funktioniert. ping auf dessen vollständigen DNS-Namen meldet dagegen, dass der Host nicht gefunden wurde. Welche Ursache ist besonders plausibel?;Die DNS-Auflösung des angegebenen Namens ist gestört oder der Name ist falsch.;Der Server blockiert sämtliche ICMP-Echo-Anfragen an seine IPv4-Adresse.;Die Netzwerkkarte besitzt keine funktionsfähige Verbindung zum lokalen Netz.;Die lokale IPv4-Route zur bekannten Serveradresse fehlt vollständig.;0;Die Meldung, dass der Hostname nicht gefunden wurde, betrifft die Namensauflösung. Bei funktionierendem Zugriff auf die bekannte IP-Adresse sollten Schreibweise, DNS-Konfiguration und DNS-Einträge geprüft werden.;
betriebssysteme-160;Betriebssysteme;Freigaben;medium;Was ist eine Netzwerkfreigabe?;Eine Ressource, die ein Rechner für Zugriffe über das Netzwerk bereitstellt.;Ein Ordner, der im lokalen Explorer als Favorit markiert wurde.;Eine Partition, die einem lokalen Laufwerksbuchstaben zugeordnet wurde.;Ein Dateisystembereich, den ein Benutzer für den Offlinebetrieb reserviert hat.;0;Freigaben ermöglichen autorisierten Benutzern den Netzwerkzugriff auf Ressourcen.;
betriebssysteme-161;Betriebssysteme;Freigaben;medium;Welche zwei Berechtigungsebenen können bei einer Windows-Dateifreigabe relevant sein?;Freigabeberechtigungen und NTFS-Berechtigungen.;Freigabeberechtigungen und Datenträgerkontingente.;NTFS-Berechtigungen und Firewallprofile.;Datenträgerverschlüsselung und Dateikomprimierung.;0;Bei Netzwerkzugriff können sowohl Freigabe- als auch Dateisystemberechtigungen wirken.;
betriebssysteme-162;Betriebssysteme;Freigaben;hard;Ein Benutzer erhält über die SMB-Freigabe Lesen und über NTFS Ändern. Es gelten keine weiteren Einschränkungen. Welche der folgenden Aktionen ist über diese Freigabe erlaubt?;Den vorhandenen Dateiinhalt lesen.;Den vorhandenen Dateiinhalt überschreiben.;Die vorhandene Datei löschen.;Eine neue Datei im freigegebenen Ordner anlegen.;0;Beim SMB-Zugriff muss eine Operation sowohl durch die effektiven Freigaberechte als auch durch die effektiven NTFS-Rechte erlaubt sein. Hier begrenzt die Freigabeberechtigung Lesen den Netzwerkzugriff trotz weitergehender NTFS-Rechte.;
betriebssysteme-163;Betriebssysteme;Freigaben;medium;Welche Angabe ist ein UNC-Pfad zu einem freigegebenen Ordner auf einem Server?;\\Server\Freigabe;C:\Freigabe;https://Server/Freigabe;Server:Freigabe;0;Ein UNC-Pfad beginnt mit zwei umgekehrten Schrägstrichen, gefolgt von Servername und Freigabename. Er adressiert die Freigabe, ohne dass zuvor ein Laufwerksbuchstabe zugeordnet werden muss.;
betriebssysteme-164;Betriebssysteme;Freigaben;medium;Was bezeichnet ein verbundenes Netzlaufwerk mit dem Buchstaben Z: unter Windows?;Eine Netzwerkfreigabe, die unter einem lokalen Laufwerksbuchstaben erreichbar ist.;Eine lokale Partition, die für den angemeldeten Benutzer umbenannt wurde.;Eine virtuelle Festplattendatei, die als lokales Volume eingebunden wurde.;Ein vollständiges Abbild einer Freigabe, das dauerhaft ohne Server verfügbar ist.;0;"Ein verbundenes Netzlaufwerk ordnet einer Netzwerkfreigabe einen Laufwerksbuchstaben zu. Die Daten verbleiben grundsätzlich auf dem Server; die Zuordnung allein erstellt keine vollständige lokale Kopie.";
betriebssysteme-165;Betriebssysteme;Windows Sicherheit;medium;Welche Aufgabe hat die Windows-Firewall?;Ein- und ausgehenden Netzwerkverkehr anhand von Regeln zulassen oder blockieren.;Übertragene Dateien anhand von Schadsoftwaresignaturen untersuchen.;Die Identität eines Benutzers bei der Windows-Anmeldung überprüfen.;Den Inhalt gespeicherter Dateien gegen Offlinezugriffe verschlüsseln.;0;Eine Firewall kontrolliert ein- und ausgehenden Netzwerkverkehr.;
betriebssysteme-166;Betriebssysteme;Windows Sicherheit;medium;Warum unterscheiden sich Firewallprofile wie Privat und Öffentlich?;Sie ermöglichen unterschiedliche Firewallregeln je nach eingestufter Netzwerkumgebung.;Sie legen für jedes Netzwerk automatisch einen anderen DNS-Namensraum an.;Sie ersetzen die Zugriffsberechtigungen von Benutzern auf freigegebene Dateien.;Sie legen die Funkverschlüsselung und das WLAN-Kennwort für das jeweilige Netzwerk fest.;0;Öffentliche Netze erfordern typischerweise restriktivere Regeln als vertrauenswürdige private Netze.;
betriebssysteme-167;Betriebssysteme;Windows Sicherheit;medium;Welche Aufgabe erfüllt Microsoft Defender Antivirus?;Dateien und Aktivitäten auf Schadsoftware untersuchen und Bedrohungen abwehren.;Laufwerke gegen das Auslesen ohne passenden Entsperrschlüssel verschlüsseln.;Netzwerkpakete anhand von Port- und Adressregeln filtern.;Die Installation von Windows mit einem Aktivierungsnachweis verknüpfen.;0;Defender Antivirus schützt vor verschiedenen Arten von Schadsoftware.;
betriebssysteme-168;Betriebssysteme;Windows Sicherheit;medium;Warum sollten Virensignaturen beziehungsweise Schutzinformationen aktuell sein?;Neue Erkennungsinformationen verbessern die Erkennung inzwischen bekannter Bedrohungen.;Neue Erkennungsinformationen beheben automatisch die Sicherheitslücken jeder installierten Anwendung.;Neue Erkennungsinformationen ersetzen die Überprüfung verdächtiger Dateien während ihrer Nutzung.;Neue Erkennungsinformationen stellen beschädigte Benutzerdateien aus einem Backup wieder her.;0;Aktuelle Erkennungsdaten verbessern den Schutz gegen neu bekannte Schadsoftware.;
betriebssysteme-169;Betriebssysteme;Windows Sicherheit;medium;Warum ist ein deaktivierter Echtzeitschutz auf einem Arbeitsplatz riskant?;Dateien und Aktivitäten werden während der Nutzung nicht mehr durch diesen Schutz laufend geprüft.;Die gespeicherten Virensignaturen werden beim Ausschalten des Schutzes automatisch gelöscht.;Die Firewall lässt beim Ausschalten des Schutzes jede eingehende Netzwerkverbindung zu.;Die Verschlüsselung der Systempartition wird beim Ausschalten des Schutzes aufgehoben.;0;Echtzeitschutz prüft Dateien und Aktivitäten während der Nutzung.;
betriebssysteme-170;Betriebssysteme;BitLocker;medium;Wozu dient BitLocker?;Daten auf Laufwerken durch Verschlüsselung gegen unbefugtes Offlineauslesen schützen.;Netzwerkverbindungen anhand von Adressen und Ports zulassen oder blockieren.;Dateien bei ihrer Verwendung anhand von Schadsoftwaremerkmalen prüfen.;Zugriffsrechte einzelner Benutzer auf Dateien über ACL-Einträge festlegen.;0;BitLocker schützt Daten auf Laufwerken durch Verschlüsselung.;
betriebssysteme-171;Betriebssysteme;BitLocker;medium;Warum ist ein BitLocker-Wiederherstellungsschlüssel wichtig?;Er ermöglicht das Entsperren eines verschlüsselten Laufwerks, wenn der normale Entsperrweg nicht verfügbar ist.;Er setzt das Kennwort jedes lokalen Windows-Benutzerkontos ohne weitere Prüfung zurück.;Er stellt gelöschte Dateien aus dem verschlüsselten Laufwerk als frühere Versionen wieder her.;Er ersetzt die Lizenzaktivierung nach dem Austausch des Mainboards.;0;Der BitLocker-Wiederherstellungsschlüssel ermöglicht den Zugriff auf das verschlüsselte Laufwerk in einem Wiederherstellungsfall, etwa nach relevanten Änderungen der Startumgebung. Er ist kein Ersatz für ein Benutzerkennwort und kein Backup verlorener Dateien.;
betriebssysteme-172;Betriebssysteme;BitLocker;medium;Welche Komponente kann bei BitLocker Schlüsselmaterial an Messwerte der Startumgebung binden?;Trusted Platform Module (TPM);Windows-Anmeldeinformationsverwaltung;NTFS-Zugriffssteuerungsliste;Windows-Firewallprofil;0;Ein TPM kann die Freigabe von Schlüsselmaterial an bestimmte Plattformmesswerte binden. Dadurch kann BitLocker auf unerwartete Änderungen der Startumgebung reagieren.;
betriebssysteme-173;Betriebssysteme;BitLocker;hard;Warum kann eine Änderung der gemessenen Startumgebung bei BitLocker mit TPM-Schutz eine Wiederherstellungsabfrage auslösen?;Die aktuellen Startmesswerte erfüllen die Bedingungen für die normale Freigabe des Schlüsselmaterials nicht.;BitLocker vergleicht dabei das Windows-Anmeldekennwort mit einer im TPM gespeicherten Kennwortkopie.;BitLocker wertet dabei die NTFS-Berechtigungen des angemeldeten Benutzers als Freigabe für den Start aus.;BitLocker prüft dabei den Windows-Aktivierungsstatus als Voraussetzung für die Laufwerksentschlüsselung.;0;"Bei TPM-gestütztem BitLocker können Messwerte der Startumgebung an der Schlüsselfreigabe beteiligt sein. Relevante Änderungen können die normale Freigabe verhindern und die Eingabe eines Wiederherstellungsschlüssels erforderlich machen; nicht jede Hardwareänderung hat diesen Effekt.";
betriebssysteme-174;Betriebssysteme;Backup und Wiederherstellung;medium;Warum ist ein Backup wichtig?;Es ermöglicht die Wiederherstellung gesicherter Daten nach Verlust oder Beschädigung.;Es verhindert die Ausführung von Schadsoftware durch Prüfung aller Dateiänderungen.;Es verschlüsselt vorhandene Dateien gegen das Auslesen durch fremde Benutzer.;Es verhindert das Löschen von Dateien durch Einschränkung der Benutzerrechte.;0;Backups reduzieren die Folgen von Datenverlust.;
betriebssysteme-175;Betriebssysteme;Backup und Wiederherstellung;medium;Originaldaten und ihre einzige Sicherung liegen auf zwei Partitionen derselben SSD. Welches Ereignis kann beide Kopien gleichzeitig unzugänglich machen?;Ein vollständiger Ausfall des SSD-Controllers.;Das versehentliche Löschen einer einzelnen Originaldatei ohne Synchronisation.;Das Ändern des Namens eines Ordners mit Originaldaten.;Das Schließen des Programms, mit dem die Originaldatei bearbeitet wurde.;0;"Partitionen teilen sich die physische Hardware ihres Datenträgers. Fällt der SSD-Controller aus, können Original und Sicherung gemeinsam betroffen sein; getrennte Datenträger reduzieren dieses gemeinsame Ausfallrisiko.";
betriebssysteme-176;Betriebssysteme;Backup und Wiederherstellung;medium;Was ist ein Wiederherstellungspunkt in Windows?;Ein gespeicherter Zustand ausgewählter Systemdateien und Systemeinstellungen.;Eine vollständige Sicherung aller persönlichen Dokumente des Benutzers.;Ein Abbild des Arbeitsspeichers zum Fortsetzen der laufenden Sitzung.;Eine Kopie des Windows-Installationsmediums auf einem externen Datenträger.;0;Ein Wiederherstellungspunkt ermöglicht es, bestimmte Systemdateien, installierte Komponenten und Einstellungen auf einen früheren Zustand zurückzusetzen. Er ist keine vollständige Sicherung persönlicher Dateien.;
betriebssysteme-177;Betriebssysteme;Backup und Wiederherstellung;medium;Welche regelmäßige Prüfung belegt die praktische Nutzbarkeit einer Datensicherung am unmittelbarsten?;Benötigte Daten testweise wiederherstellen und ihre Vollständigkeit sowie Lesbarkeit prüfen.;Die Erfolgsmeldung des Sicherungsprogramms ohne Öffnen wiederhergestellter Daten kontrollieren.;Die Existenz und Größe der Sicherungsdateien im Zielverzeichnis kontrollieren.;Die planmäßige Ausführung des Sicherungsauftrags anhand seiner Startzeit kontrollieren.;0;Regelmäßige Wiederherstellungstests prüfen, ob Daten lesbar, vollständig und mit den verfügbaren Werkzeugen wiederherstellbar sind. Ein erfolgreich gemeldeter Sicherungslauf allein beweist noch keine erfolgreiche Wiederherstellung.;
betriebssysteme-178;Betriebssysteme;Backup und Wiederherstellung;medium;Zwei Ordner werden ohne Versionsverlauf synchronisiert, einschließlich Löschungen. Eine wichtige Datei wird versehentlich im Quellordner gelöscht. Was ist nach der nächsten erfolgreichen Synchronisation zu erwarten?;"Die Datei kann auch im Ziel fehlen; für den früheren Inhalt ist eine andere Sicherung nötig.";Die Datei bleibt als ältere Version im Ziel erhalten, weil Synchronisation Löschungen als neue Versionen speichert.;Die Datei wird aus dem Ziel wieder in die Quelle kopiert, weil die ältere Kopie grundsätzlich Vorrang hat.;Die Synchronisation bricht bei jeder Löschung ab, bis eine unabhängige Datensicherung bestätigt wurde.;0;Eine Synchronisation kann den aktuellen Zustand einschließlich Löschungen übernehmen. Ohne Versionsverlauf oder eine unabhängige Sicherung kann die vorherige Datei deshalb an beiden Orten fehlen.;
betriebssysteme-179;Betriebssysteme;Wiederherstellung;medium;Wie unterstützt der abgesicherte Modus die Fehlersuche bei Windows?;Er startet mit einem begrenzten Satz von Treibern und Diensten und hilft so, Störquellen einzugrenzen.;Er ersetzt die installierten Treiber automatisch durch ihre neuesten Versionen aus dem Internet.;Er setzt die Berechtigungen sämtlicher Benutzerdateien auf ein gemeinsames Administratorkonto.;Er stellt alle Programme auf die Version zum Zeitpunkt der Windows-Installation zurück.;0;"Der abgesicherte Modus lädt einen reduzierten Satz von Treibern und Diensten. Tritt ein Fehler dort nicht auf, kann dies helfen, zusätzliche Komponenten als mögliche Ursache einzugrenzen; eine Reparatur erfolgt dadurch nicht automatisch.";
betriebssysteme-180;Betriebssysteme;Wiederherstellung;medium;Windows startet im abgesicherten Modus, stürzt beim normalen Start aber nach dem Laden zusätzlicher Komponenten ab. Was ist ein sinnvoller nächster Diagnoseschritt?;Zuletzt geänderte Treiber und Autostartkomponenten gezielt prüfen.;Die erfolgreiche Anmeldung als Nachweis ansehen, dass sämtliche Hardware fehlerfrei ist.;Alle Benutzerkonten neu anlegen, ohne Protokolle oder Änderungen zu prüfen.;Die Systempartition formatieren, bevor einzelne Startkomponenten untersucht werden.;0;"Der Unterschied zwischen normalem und reduziertem Start liefert einen Hinweis auf zusätzlich geladene Komponenten. Änderungen und Ereignisprotokolle helfen, Kandidaten gezielt zu prüfen; ein erfolgreicher abgesicherter Start beweist keine vollständig fehlerfreie Hardware.";
betriebssysteme-181;Betriebssysteme;Wiederherstellung;medium;Was ist die Windows-Wiederherstellungsumgebung WinRE?;Eine separate Umgebung mit Werkzeugen zur Diagnose und Reparatur von Windows.;Eine normale Windows-Sitzung mit dauerhaft erhöhten Rechten für alle Anwendungen.;Ein Abbild des RAMs, aus dem eine zuvor angehaltene Sitzung fortgesetzt wird.;Ein vollständiger Ersatz für die Sicherung persönlicher Benutzerdateien.;0;WinRE bietet Werkzeuge für Startreparatur, Wiederherstellung und weitere Fehlerbehebung.;
betriebssysteme-182;Betriebssysteme;Wiederherstellung;medium;Welches WinRE-Werkzeug ist dafür vorgesehen, häufige Fehler der Windows-Startkonfiguration automatisch zu diagnostizieren und zu reparieren?;Starthilfe (Startup Repair);Eingabeaufforderung;Systemabbild-Wiederherstellung;Starteinstellungen;0;Die Starthilfe untersucht häufige Ursachen fehlgeschlagener Windows-Starts und versucht passende Reparaturen. Sie behebt nicht jede mögliche Ursache und ist von manueller Diagnose oder einer Wiederherstellung aus einem Systemabbild zu unterscheiden.;
betriebssysteme-183;Betriebssysteme;Kommandozeile;medium;Welcher Windows-Befehl zeigt die Benutzeridentität des Sicherheitskontexts, in dem die aktuelle Eingabeaufforderung läuft?;whoami;hostname;net user;query user;0;whoami zeigt die Identität des aktuellen Sicherheitskontexts. Wird die Eingabeaufforderung unter einem anderen Konto ausgeführt, kann diese Identität vom Benutzer der interaktiven Desktopsitzung abweichen.;
betriebssysteme-184;Betriebssysteme;Kommandozeile;medium;Welcher CMD-Befehl listet Dateien und Ordner auf?;dir;cd;cls;ping;0;dir zeigt den Inhalt eines Verzeichnisses.;
betriebssysteme-185;Betriebssysteme;Kommandozeile;medium;Welcher Befehl wechselt in der Windows-Eingabeaufforderung CMD von C: in das vorhandene Verzeichnis D:\Daten und aktiviert dabei zugleich Laufwerk D:?;cd /d D:\Daten;cd D:\Daten;dir D:\Daten;type D:\Daten;0;In CMD wechselt cd /d sowohl das Laufwerk als auch das Verzeichnis. cd mit einem Pfad auf einem anderen Laufwerk ändert ohne /d nicht zugleich das aktive Laufwerk.;
betriebssysteme-186;Betriebssysteme;Kommandozeile;medium;Was macht der Befehl cls in der Eingabeaufforderung?;Er leert die sichtbare Konsolenausgabe;Er löscht den aktuellen Ordner;Er beendet Windows;Er prüft das Dateisystem;0;cls räumt lediglich die sichtbare Anzeige der Konsole auf.;
betriebssysteme-187;Betriebssysteme;Kommandozeile;medium;Welcher Befehl listet in der Windows-Eingabeaufforderung laufende Prozesse mit ihren Prozessnamen und PIDs auf?;tasklist;netstat -ano;sc query;query user;0;tasklist zeigt laufende Prozesse und zugehörige Informationen.;
betriebssysteme-188;Betriebssysteme;Kommandozeile;medium;Welcher Windows-CMD-Befehl ist dafür vorgesehen, einen Prozess anhand seiner PID zu beenden?;taskkill;tasklist;sc query;netstat;0;taskkill kann einen Prozess beispielsweise mit /PID gezielt ansprechen. Die PID sollte vorher geprüft werden. Beim erzwungenen Beenden mit /F können ungespeicherte Änderungen verloren gehen.;
betriebssysteme-189;Betriebssysteme;PowerShell;medium;Was ist PowerShell?;Eine Shell mit Skriptsprache und Automatisierungsfunktionen für Verwaltungsaufgaben.;Ein Texteditor, der Skriptdateien bearbeiten, aber keine Befehle ausführen kann.;Ein Paketarchiv, das installierbare Windows-Komponenten bereitstellt.;Ein Aufgabenplaner, der Programme anhand von Zeitplänen startet.;0;PowerShell kombiniert Kommandozeile, Objekte und Skripting für Administration und Automatisierung.;
betriebssysteme-190;Betriebssysteme;PowerShell;medium;Welcher Vorteil ergibt sich aus den strukturierten Objekten vieler PowerShell-Cmdlets?;Nachfolgende Cmdlets können Eigenschaften gezielt filtern oder sortieren.;Nachfolgende Cmdlets müssen die sichtbare Spaltenbreite zur Erkennung von Eigenschaften auswerten.;Nachfolgende Cmdlets erhalten unabhängig vom Befehl ausschließlich unstrukturierte Zeichenfolgen.;Nachfolgende Cmdlets können Daten erst nach einem Export in eine Textdatei übernehmen.;0;Viele Cmdlets geben Objekte mit benannten Eigenschaften zurück. Die Pipeline kann diese direkt weiterverarbeiten, etwa mit Where-Object oder Sort-Object, ohne die formatierte Bildschirmausgabe zerlegen zu müssen.;
betriebssysteme-191;Betriebssysteme;Systeminformationen;medium;Welches Windows-Werkzeug bietet eine zusammenhängende Übersicht über Betriebssystem, Hardware-Ressourcen, Komponenten und Softwareumgebung?;msinfo32;winver;devmgmt.msc;diskmgmt.msc;0;msinfo32 zeigt Hardware-, System- und Ressourcendetails.;
betriebssysteme-192;Betriebssysteme;Systeminformationen;medium;Wozu dient der Befehl winver?;Er zeigt Windows-Version, Edition und Build-Informationen;Er prüft Dateisystem und Laufwerk auf logische Fehler;Er verwaltet lokale Benutzerkonten und Gruppenmitgliedschaften;Er testet Erreichbarkeit und Qualität einer Netzwerkverbindung;0;winver zeigt Informationen zur installierten Windows-Version.;
betriebssysteme-193;Betriebssysteme;Systeminformationen;medium;Warum ist die genaue Windows-Buildnummer bei Supportfällen hilfreich?;Sie hilft, bekannte Fehler und Korrekturen einer konkreten Betriebssystemversion zuzuordnen.;Sie weist nach, dass alle installierten Anwendungen fehlerfrei mit Windows zusammenarbeiten.;Sie legt fest, welche Zugriffsrechte der angemeldete Benutzer auf Systemdateien besitzt.;Sie identifiziert den Hersteller und die Seriennummer des verbauten Mainboards.;0;Bestimmte Fehler, Funktionen und Patches hängen von der genauen Version ab.;
betriebssysteme-194;Betriebssysteme;Windows Installation;medium;Was ist eine Neuinstallation von Windows?;Windows wird auf einem Zielsystem als neue Betriebssysteminstallation eingerichtet.;Eine bestehende Windows-Installation wird auf eine neuere Version aktualisiert.;Ein vorhandener Wiederherstellungspunkt setzt ausgewählte Systemeinstellungen zurück.;Eine Sicherung der Benutzerdateien wird in vorhandene Benutzerprofile zurückkopiert.;0;Bei einer Neuinstallation wird Windows auf einer Partition neu eingerichtet.;
betriebssysteme-195;Betriebssysteme;Windows Installation;medium;Warum sollte vor einer Neuinstallation ein Backup geprüft werden?;"Der Vorgang kann vorhandene Daten überschreiben; die benötigten Sicherungen müssen wiederherstellbar sein.";Der Installer prüft anhand des Backups, ob alle installierten Anwendungen weiterhin kompatibel sind.;Ein vorhandenes Backup verhindert Änderungen an den Partitionen während der Installation.;Ein geprüftes Backup stellt sämtliche Benutzerdateien nach der Installation ohne Rücksicherung bereit.;0;Neuinstallation oder Partitionierung kann bestehende Daten überschreiben.;
betriebssysteme-196;Betriebssysteme;Windows Installation;medium;Welches USB-Medium eignet sich typischerweise zum Start einer Windows-Neuinstallation auf einem kompatiblen PC?;Ein für den Start vorbereiteter USB-Stick mit den passenden Windows-Installationsdateien.;Ein USB-Stick, auf dem lediglich eine Verknüpfung zur Windows-Downloadseite liegt.;Ein USB-Stick, der die persönlichen Dateien des bisherigen Benutzerprofils enthält.;Ein USB-Stick, auf den der vorhandene Windows-Ordner ohne weitere Vorbereitung kopiert wurde.;0;Ein Installationsmedium muss passende Startstrukturen und Installationsdateien enthalten. Eine Verknüpfung, ein Benutzerdatei-Backup oder eine gewöhnliche Kopie des Windows-Ordners macht einen USB-Stick nicht zu einem Installationsmedium.;
betriebssysteme-197;Betriebssysteme;Windows Installation;medium;Ein Rechner soll einmalig von einem Installations-USB-Stick starten und danach wieder regulär von der internen SSD. Welche Firmwarefunktion ist dafür besonders geeignet?;Das einmalige Bootmenü zur Auswahl des USB-Sticks.;Eine dauerhafte Deaktivierung der internen SSD in der Firmware.;Das Löschen des Boot-Eintrags des installierten Betriebssystems.;Das Zurücksetzen sämtlicher Firmwareeinstellungen auf Werkseinstellungen.;0;"Ein einmaliges Bootmenü erlaubt die Auswahl eines Startmediums für diesen Startvorgang. Damit muss die dauerhafte Bootreihenfolge nicht geändert werden; die konkrete Taste hängt vom Gerät ab.";
betriebssysteme-198;Betriebssysteme;Windows Installation;medium;Welche Prüfung ist vor der betrieblichen Übergabe eines frisch installierten Windows-Rechners besonders geeignet, seine technische Einsatzbereitschaft zu beurteilen?;Gerätefunktion, Patchstand, Aktivierungsstatus und benötigte Anwendungen prüfen.;Die erfolgreiche Anmeldung und das Vorhandensein der erwarteten Desktopverknüpfungen als Abnahme verwenden.;Die Liste der sichtbaren Laufwerke als Nachweis einer vollständigen Treiberinstallation verwenden.;Die aktuelle Windows-Versionsbezeichnung als Nachweis einer vollständigen Anwendungsausstattung verwenden.;0;Eine abgeschlossene Installation belegt noch nicht die betriebliche Einsatzbereitschaft. Funktionsprüfung, passende Treiber, vorgesehene Updates, Aktivierungsstatus und benötigte Anwendungen gehören zur technischen Abnahme.;
betriebssysteme-199;Betriebssysteme;Lizenzierung;medium;Welche Aufgabe hat die technische Windows-Aktivierung?;Prüfen, ob für die Windows-Installation eine passende technische Aktivierungsberechtigung vorliegt.;Die Installation automatisch als vollständigen Nachweis aller vertraglichen Nutzungsrechte zertifizieren.;Die Benutzeridentität für den Zugriff auf sämtliche Unternehmensanwendungen bestätigen.;Die installierten Treiber auf vollständige Kompatibilität mit der Hardware prüfen.;0;"Windows kann anhand eines Product Keys oder einer digitalen Lizenz aktiviert werden. Die Aktivierung hilft, die Installation einer entsprechenden Berechtigung zuzuordnen; sie ersetzt nicht die betriebliche Dokumentation der erworbenen Nutzungsrechte.";
betriebssysteme-200;Betriebssysteme;Lizenzierung;medium;Warum ist Lizenzmanagement in Unternehmen wichtig?;Es gleicht eingesetzte Software mit vorhandenen Nutzungsrechten und dem künftigen Bedarf ab.;Es gleicht Benutzerkennwörter zwischen allen installierten Anwendungen automatisch ab.;Es ersetzt die Prüfung, welche Sicherheitsupdates auf den Geräten installiert sind.;Es weist jeder aktivierten Installation unabhängig vom Vertrag zusätzliche Nutzungsrechte zu.;0;"Lizenzmanagement dokumentiert eingesetzte Produkte, vorhandene Nutzungsrechte und relevante Zuordnungen. Das unterstützt nachvollziehbare Beschaffung und Nutzung; technische Aktivierung und vertragliche Berechtigung sind dabei zu unterscheiden.";